seed,config,model,dataset,tokens_trained,layer,expert,count
42,small,deepseekv4,tiny_shakespeare,5120,0,0,253
42,small,deepseekv4,tiny_shakespeare,5120,0,1,258
42,small,deepseekv4,tiny_shakespeare,5120,0,2,190
42,small,deepseekv4,tiny_shakespeare,5120,0,3,323
42,small,deepseekv4,tiny_shakespeare,5120,1,0,210
42,small,deepseekv4,tiny_shakespeare,5120,1,1,246
42,small,deepseekv4,tiny_shakespeare,5120,1,2,305
42,small,deepseekv4,tiny_shakespeare,5120,1,3,263
42,small,deepseekv4,tiny_shakespeare,10240,0,0,255
42,small,deepseekv4,tiny_shakespeare,10240,0,1,254
42,small,deepseekv4,tiny_shakespeare,10240,0,2,201
42,small,deepseekv4,tiny_shakespeare,10240,0,3,314
42,small,deepseekv4,tiny_shakespeare,10240,1,0,276
42,small,deepseekv4,tiny_shakespeare,10240,1,1,280
42,small,deepseekv4,tiny_shakespeare,10240,1,2,207
42,small,deepseekv4,tiny_shakespeare,10240,1,3,261
42,small,deepseekv4,tiny_shakespeare,15360,0,0,256
42,small,deepseekv4,tiny_shakespeare,15360,0,1,240
42,small,deepseekv4,tiny_shakespeare,15360,0,2,219
42,small,deepseekv4,tiny_shakespeare,15360,0,3,309
42,small,deepseekv4,tiny_shakespeare,15360,1,0,217
42,small,deepseekv4,tiny_shakespeare,15360,1,1,257
42,small,deepseekv4,tiny_shakespeare,15360,1,2,257
42,small,deepseekv4,tiny_shakespeare,15360,1,3,293
42,small,deepseekv4,tiny_shakespeare,20480,0,0,269
42,small,deepseekv4,tiny_shakespeare,20480,0,1,259
42,small,deepseekv4,tiny_shakespeare,20480,0,2,195
42,small,deepseekv4,tiny_shakespeare,20480,0,3,301
42,small,deepseekv4,tiny_shakespeare,20480,1,0,196
42,small,deepseekv4,tiny_shakespeare,20480,1,1,268
42,small,deepseekv4,tiny_shakespeare,20480,1,2,263
42,small,deepseekv4,tiny_shakespeare,20480,1,3,297
42,small,deepseekv4,tiny_shakespeare,25600,0,0,256
42,small,deepseekv4,tiny_shakespeare,25600,0,1,253
42,small,deepseekv4,tiny_shakespeare,25600,0,2,200
42,small,deepseekv4,tiny_shakespeare,25600,0,3,315
42,small,deepseekv4,tiny_shakespeare,25600,1,0,303
42,small,deepseekv4,tiny_shakespeare,25600,1,1,264
42,small,deepseekv4,tiny_shakespeare,25600,1,2,203
42,small,deepseekv4,tiny_shakespeare,25600,1,3,254
42,small,deepseekv4,tiny_shakespeare,30720,0,0,249
42,small,deepseekv4,tiny_shakespeare,30720,0,1,264
42,small,deepseekv4,tiny_shakespeare,30720,0,2,203
42,small,deepseekv4,tiny_shakespeare,30720,0,3,308
42,small,deepseekv4,tiny_shakespeare,30720,1,0,242
42,small,deepseekv4,tiny_shakespeare,30720,1,1,277
42,small,deepseekv4,tiny_shakespeare,30720,1,2,267
42,small,deepseekv4,tiny_shakespeare,30720,1,3,238
42,small,deepseekv4,tiny_shakespeare,35840,0,0,268
42,small,deepseekv4,tiny_shakespeare,35840,0,1,270
42,small,deepseekv4,tiny_shakespeare,35840,0,2,190
42,small,deepseekv4,tiny_shakespeare,35840,0,3,296
42,small,deepseekv4,tiny_shakespeare,35840,1,0,245
42,small,deepseekv4,tiny_shakespeare,35840,1,1,261
42,small,deepseekv4,tiny_shakespeare,35840,1,2,269
42,small,deepseekv4,tiny_shakespeare,35840,1,3,249
42,small,deepseekv4,tiny_shakespeare,40960,0,0,255
42,small,deepseekv4,tiny_shakespeare,40960,0,1,254
42,small,deepseekv4,tiny_shakespeare,40960,0,2,207
42,small,deepseekv4,tiny_shakespeare,40960,0,3,308
42,small,deepseekv4,tiny_shakespeare,40960,1,0,331
42,small,deepseekv4,tiny_shakespeare,40960,1,1,264
42,small,deepseekv4,tiny_shakespeare,40960,1,2,188
42,small,deepseekv4,tiny_shakespeare,40960,1,3,241
42,small,deepseekv4,tiny_shakespeare,46080,0,0,260
42,small,deepseekv4,tiny_shakespeare,46080,0,1,249
42,small,deepseekv4,tiny_shakespeare,46080,0,2,190
42,small,deepseekv4,tiny_shakespeare,46080,0,3,325
42,small,deepseekv4,tiny_shakespeare,46080,1,0,233
42,small,deepseekv4,tiny_shakespeare,46080,1,1,275
42,small,deepseekv4,tiny_shakespeare,46080,1,2,292
42,small,deepseekv4,tiny_shakespeare,46080,1,3,224
42,small,deepseekv4,tiny_shakespeare,51200,0,0,278
42,small,deepseekv4,tiny_shakespeare,51200,0,1,248
42,small,deepseekv4,tiny_shakespeare,51200,0,2,201
42,small,deepseekv4,tiny_shakespeare,51200,0,3,297
42,small,deepseekv4,tiny_shakespeare,51200,1,0,346
42,small,deepseekv4,tiny_shakespeare,51200,1,1,288
42,small,deepseekv4,tiny_shakespeare,51200,1,2,167
42,small,deepseekv4,tiny_shakespeare,51200,1,3,223
42,small,deepseekv4_no_hash,tiny_shakespeare,5120,0,0,250
42,small,deepseekv4_no_hash,tiny_shakespeare,5120,0,1,171
42,small,deepseekv4_no_hash,tiny_shakespeare,5120,0,2,275
42,small,deepseekv4_no_hash,tiny_shakespeare,5120,0,3,328
42,small,deepseekv4_no_hash,tiny_shakespeare,5120,1,0,209
42,small,deepseekv4_no_hash,tiny_shakespeare,5120,1,1,245
42,small,deepseekv4_no_hash,tiny_shakespeare,5120,1,2,316
42,small,deepseekv4_no_hash,tiny_shakespeare,5120,1,3,254
42,small,deepseekv4_no_hash,tiny_shakespeare,10240,0,0,176
42,small,deepseekv4_no_hash,tiny_shakespeare,10240,0,1,190
42,small,deepseekv4_no_hash,tiny_shakespeare,10240,0,2,296
42,small,deepseekv4_no_hash,tiny_shakespeare,10240,0,3,362
42,small,deepseekv4_no_hash,tiny_shakespeare,10240,1,0,219
42,small,deepseekv4_no_hash,tiny_shakespeare,10240,1,1,281
42,small,deepseekv4_no_hash,tiny_shakespeare,10240,1,2,290
42,small,deepseekv4_no_hash,tiny_shakespeare,10240,1,3,234
42,small,deepseekv4_no_hash,tiny_shakespeare,15360,0,0,167
42,small,deepseekv4_no_hash,tiny_shakespeare,15360,0,1,186
42,small,deepseekv4_no_hash,tiny_shakespeare,15360,0,2,304
42,small,deepseekv4_no_hash,tiny_shakespeare,15360,0,3,367
42,small,deepseekv4_no_hash,tiny_shakespeare,15360,1,0,221
42,small,deepseekv4_no_hash,tiny_shakespeare,15360,1,1,296
42,small,deepseekv4_no_hash,tiny_shakespeare,15360,1,2,270
42,small,deepseekv4_no_hash,tiny_shakespeare,15360,1,3,237
42,small,deepseekv4_no_hash,tiny_shakespeare,20480,0,0,179
42,small,deepseekv4_no_hash,tiny_shakespeare,20480,0,1,195
42,small,deepseekv4_no_hash,tiny_shakespeare,20480,0,2,273
42,small,deepseekv4_no_hash,tiny_shakespeare,20480,0,3,377
42,small,deepseekv4_no_hash,tiny_shakespeare,20480,1,0,228
42,small,deepseekv4_no_hash,tiny_shakespeare,20480,1,1,282
42,small,deepseekv4_no_hash,tiny_shakespeare,20480,1,2,240
42,small,deepseekv4_no_hash,tiny_shakespeare,20480,1,3,274
42,small,deepseekv4_no_hash,tiny_shakespeare,25600,0,0,205
42,small,deepseekv4_no_hash,tiny_shakespeare,25600,0,1,236
42,small,deepseekv4_no_hash,tiny_shakespeare,25600,0,2,313
42,small,deepseekv4_no_hash,tiny_shakespeare,25600,0,3,270
42,small,deepseekv4_no_hash,tiny_shakespeare,25600,1,0,271
42,small,deepseekv4_no_hash,tiny_shakespeare,25600,1,1,307
42,small,deepseekv4_no_hash,tiny_shakespeare,25600,1,2,207
42,small,deepseekv4_no_hash,tiny_shakespeare,25600,1,3,239
42,small,deepseekv4_no_hash,tiny_shakespeare,30720,0,0,213
42,small,deepseekv4_no_hash,tiny_shakespeare,30720,0,1,309
42,small,deepseekv4_no_hash,tiny_shakespeare,30720,0,2,226
42,small,deepseekv4_no_hash,tiny_shakespeare,30720,0,3,276
42,small,deepseekv4_no_hash,tiny_shakespeare,30720,1,0,226
42,small,deepseekv4_no_hash,tiny_shakespeare,30720,1,1,274
42,small,deepseekv4_no_hash,tiny_shakespeare,30720,1,2,272
42,small,deepseekv4_no_hash,tiny_shakespeare,30720,1,3,252
42,small,deepseekv4_no_hash,tiny_shakespeare,35840,0,0,232
42,small,deepseekv4_no_hash,tiny_shakespeare,35840,0,1,239
42,small,deepseekv4_no_hash,tiny_shakespeare,35840,0,2,270
42,small,deepseekv4_no_hash,tiny_shakespeare,35840,0,3,283
42,small,deepseekv4_no_hash,tiny_shakespeare,35840,1,0,236
42,small,deepseekv4_no_hash,tiny_shakespeare,35840,1,1,254
42,small,deepseekv4_no_hash,tiny_shakespeare,35840,1,2,287
42,small,deepseekv4_no_hash,tiny_shakespeare,35840,1,3,247
42,small,deepseekv4_no_hash,tiny_shakespeare,40960,0,0,227
42,small,deepseekv4_no_hash,tiny_shakespeare,40960,0,1,229
42,small,deepseekv4_no_hash,tiny_shakespeare,40960,0,2,284
42,small,deepseekv4_no_hash,tiny_shakespeare,40960,0,3,284
42,small,deepseekv4_no_hash,tiny_shakespeare,40960,1,0,267
42,small,deepseekv4_no_hash,tiny_shakespeare,40960,1,1,285
42,small,deepseekv4_no_hash,tiny_shakespeare,40960,1,2,247
42,small,deepseekv4_no_hash,tiny_shakespeare,40960,1,3,225
42,small,deepseekv4_no_hash,tiny_shakespeare,46080,0,0,262
42,small,deepseekv4_no_hash,tiny_shakespeare,46080,0,1,270
42,small,deepseekv4_no_hash,tiny_shakespeare,46080,0,2,216
42,small,deepseekv4_no_hash,tiny_shakespeare,46080,0,3,276
42,small,deepseekv4_no_hash,tiny_shakespeare,46080,1,0,221
42,small,deepseekv4_no_hash,tiny_shakespeare,46080,1,1,256
42,small,deepseekv4_no_hash,tiny_shakespeare,46080,1,2,278
42,small,deepseekv4_no_hash,tiny_shakespeare,46080,1,3,269
42,small,deepseekv4_no_hash,tiny_shakespeare,51200,0,0,272
42,small,deepseekv4_no_hash,tiny_shakespeare,51200,0,1,290
42,small,deepseekv4_no_hash,tiny_shakespeare,51200,0,2,189
42,small,deepseekv4_no_hash,tiny_shakespeare,51200,0,3,273
42,small,deepseekv4_no_hash,tiny_shakespeare,51200,1,0,286
42,small,deepseekv4_no_hash,tiny_shakespeare,51200,1,1,303
42,small,deepseekv4_no_hash,tiny_shakespeare,51200,1,2,227
42,small,deepseekv4_no_hash,tiny_shakespeare,51200,1,3,208
42,small,deepseekv4_no_shared,tiny_shakespeare,5120,0,0,253
42,small,deepseekv4_no_shared,tiny_shakespeare,5120,0,1,258
42,small,deepseekv4_no_shared,tiny_shakespeare,5120,0,2,190
42,small,deepseekv4_no_shared,tiny_shakespeare,5120,0,3,323
42,small,deepseekv4_no_shared,tiny_shakespeare,5120,1,0,243
42,small,deepseekv4_no_shared,tiny_shakespeare,5120,1,1,173
42,small,deepseekv4_no_shared,tiny_shakespeare,5120,1,2,331
42,small,deepseekv4_no_shared,tiny_shakespeare,5120,1,3,277
42,small,deepseekv4_no_shared,tiny_shakespeare,10240,0,0,255
42,small,deepseekv4_no_shared,tiny_shakespeare,10240,0,1,254
42,small,deepseekv4_no_shared,tiny_shakespeare,10240,0,2,201
42,small,deepseekv4_no_shared,tiny_shakespeare,10240,0,3,314
42,small,deepseekv4_no_shared,tiny_shakespeare,10240,1,0,221
42,small,deepseekv4_no_shared,tiny_shakespeare,10240,1,1,149
42,small,deepseekv4_no_shared,tiny_shakespeare,10240,1,2,364
42,small,deepseekv4_no_shared,tiny_shakespeare,10240,1,3,290
42,small,deepseekv4_no_shared,tiny_shakespeare,15360,0,0,256
42,small,deepseekv4_no_shared,tiny_shakespeare,15360,0,1,240
42,small,deepseekv4_no_shared,tiny_shakespeare,15360,0,2,219
42,small,deepseekv4_no_shared,tiny_shakespeare,15360,0,3,309
42,small,deepseekv4_no_shared,tiny_shakespeare,15360,1,0,250
42,small,deepseekv4_no_shared,tiny_shakespeare,15360,1,1,145
42,small,deepseekv4_no_shared,tiny_shakespeare,15360,1,2,339
42,small,deepseekv4_no_shared,tiny_shakespeare,15360,1,3,290
42,small,deepseekv4_no_shared,tiny_shakespeare,20480,0,0,269
42,small,deepseekv4_no_shared,tiny_shakespeare,20480,0,1,259
42,small,deepseekv4_no_shared,tiny_shakespeare,20480,0,2,195
42,small,deepseekv4_no_shared,tiny_shakespeare,20480,0,3,301
42,small,deepseekv4_no_shared,tiny_shakespeare,20480,1,0,218
42,small,deepseekv4_no_shared,tiny_shakespeare,20480,1,1,183
42,small,deepseekv4_no_shared,tiny_shakespeare,20480,1,2,329
42,small,deepseekv4_no_shared,tiny_shakespeare,20480,1,3,294
42,small,deepseekv4_no_shared,tiny_shakespeare,25600,0,0,256
42,small,deepseekv4_no_shared,tiny_shakespeare,25600,0,1,253
42,small,deepseekv4_no_shared,tiny_shakespeare,25600,0,2,200
42,small,deepseekv4_no_shared,tiny_shakespeare,25600,0,3,315
42,small,deepseekv4_no_shared,tiny_shakespeare,25600,1,0,276
42,small,deepseekv4_no_shared,tiny_shakespeare,25600,1,1,169
42,small,deepseekv4_no_shared,tiny_shakespeare,25600,1,2,289
42,small,deepseekv4_no_shared,tiny_shakespeare,25600,1,3,290
42,small,deepseekv4_no_shared,tiny_shakespeare,30720,0,0,249
42,small,deepseekv4_no_shared,tiny_shakespeare,30720,0,1,264
42,small,deepseekv4_no_shared,tiny_shakespeare,30720,0,2,203
42,small,deepseekv4_no_shared,tiny_shakespeare,30720,0,3,308
42,small,deepseekv4_no_shared,tiny_shakespeare,30720,1,0,240
42,small,deepseekv4_no_shared,tiny_shakespeare,30720,1,1,244
42,small,deepseekv4_no_shared,tiny_shakespeare,30720,1,2,265
42,small,deepseekv4_no_shared,tiny_shakespeare,30720,1,3,275
42,small,deepseekv4_no_shared,tiny_shakespeare,35840,0,0,268
42,small,deepseekv4_no_shared,tiny_shakespeare,35840,0,1,270
42,small,deepseekv4_no_shared,tiny_shakespeare,35840,0,2,190
42,small,deepseekv4_no_shared,tiny_shakespeare,35840,0,3,296
42,small,deepseekv4_no_shared,tiny_shakespeare,35840,1,0,266
42,small,deepseekv4_no_shared,tiny_shakespeare,35840,1,1,216
42,small,deepseekv4_no_shared,tiny_shakespeare,35840,1,2,273
42,small,deepseekv4_no_shared,tiny_shakespeare,35840,1,3,269
42,small,deepseekv4_no_shared,tiny_shakespeare,40960,0,0,255
42,small,deepseekv4_no_shared,tiny_shakespeare,40960,0,1,254
42,small,deepseekv4_no_shared,tiny_shakespeare,40960,0,2,207
42,small,deepseekv4_no_shared,tiny_shakespeare,40960,0,3,308
42,small,deepseekv4_no_shared,tiny_shakespeare,40960,1,0,213
42,small,deepseekv4_no_shared,tiny_shakespeare,40960,1,1,258
42,small,deepseekv4_no_shared,tiny_shakespeare,40960,1,2,252
42,small,deepseekv4_no_shared,tiny_shakespeare,40960,1,3,301
42,small,deepseekv4_no_shared,tiny_shakespeare,46080,0,0,260
42,small,deepseekv4_no_shared,tiny_shakespeare,46080,0,1,249
42,small,deepseekv4_no_shared,tiny_shakespeare,46080,0,2,190
42,small,deepseekv4_no_shared,tiny_shakespeare,46080,0,3,325
42,small,deepseekv4_no_shared,tiny_shakespeare,46080,1,0,283
42,small,deepseekv4_no_shared,tiny_shakespeare,46080,1,1,235
42,small,deepseekv4_no_shared,tiny_shakespeare,46080,1,2,268
42,small,deepseekv4_no_shared,tiny_shakespeare,46080,1,3,238
42,small,deepseekv4_no_shared,tiny_shakespeare,51200,0,0,278
42,small,deepseekv4_no_shared,tiny_shakespeare,51200,0,1,248
42,small,deepseekv4_no_shared,tiny_shakespeare,51200,0,2,201
42,small,deepseekv4_no_shared,tiny_shakespeare,51200,0,3,297
42,small,deepseekv4_no_shared,tiny_shakespeare,51200,1,0,233
42,small,deepseekv4_no_shared,tiny_shakespeare,51200,1,1,326
42,small,deepseekv4_no_shared,tiny_shakespeare,51200,1,2,247
42,small,deepseekv4_no_shared,tiny_shakespeare,51200,1,3,218
43,small,deepseekv4,tiny_shakespeare,5120,0,0,248
43,small,deepseekv4,tiny_shakespeare,5120,0,1,254
43,small,deepseekv4,tiny_shakespeare,5120,0,2,217
43,small,deepseekv4,tiny_shakespeare,5120,0,3,305
43,small,deepseekv4,tiny_shakespeare,5120,1,0,349
43,small,deepseekv4,tiny_shakespeare,5120,1,1,139
43,small,deepseekv4,tiny_shakespeare,5120,1,2,206
43,small,deepseekv4,tiny_shakespeare,5120,1,3,330
43,small,deepseekv4,tiny_shakespeare,10240,0,0,268
43,small,deepseekv4,tiny_shakespeare,10240,0,1,247
43,small,deepseekv4,tiny_shakespeare,10240,0,2,202
43,small,deepseekv4,tiny_shakespeare,10240,0,3,307
43,small,deepseekv4,tiny_shakespeare,10240,1,0,273
43,small,deepseekv4,tiny_shakespeare,10240,1,1,181
43,small,deepseekv4,tiny_shakespeare,10240,1,2,264
43,small,deepseekv4,tiny_shakespeare,10240,1,3,306
43,small,deepseekv4,tiny_shakespeare,15360,0,0,257
43,small,deepseekv4,tiny_shakespeare,15360,0,1,248
43,small,deepseekv4,tiny_shakespeare,15360,0,2,195
43,small,deepseekv4,tiny_shakespeare,15360,0,3,324
43,small,deepseekv4,tiny_shakespeare,15360,1,0,299
43,small,deepseekv4,tiny_shakespeare,15360,1,1,205
43,small,deepseekv4,tiny_shakespeare,15360,1,2,227
43,small,deepseekv4,tiny_shakespeare,15360,1,3,293
43,small,deepseekv4,tiny_shakespeare,20480,0,0,247
43,small,deepseekv4,tiny_shakespeare,20480,0,1,263
43,small,deepseekv4,tiny_shakespeare,20480,0,2,194
43,small,deepseekv4,tiny_shakespeare,20480,0,3,320
43,small,deepseekv4,tiny_shakespeare,20480,1,0,285
43,small,deepseekv4,tiny_shakespeare,20480,1,1,303
43,small,deepseekv4,tiny_shakespeare,20480,1,2,234
43,small,deepseekv4,tiny_shakespeare,20480,1,3,202
43,small,deepseekv4,tiny_shakespeare,25600,0,0,253
43,small,deepseekv4,tiny_shakespeare,25600,0,1,262
43,small,deepseekv4,tiny_shakespeare,25600,0,2,199
43,small,deepseekv4,tiny_shakespeare,25600,0,3,310
43,small,deepseekv4,tiny_shakespeare,25600,1,0,265
43,small,deepseekv4,tiny_shakespeare,25600,1,1,295
43,small,deepseekv4,tiny_shakespeare,25600,1,2,251
43,small,deepseekv4,tiny_shakespeare,25600,1,3,213
43,small,deepseekv4,tiny_shakespeare,30720,0,0,266
43,small,deepseekv4,tiny_shakespeare,30720,0,1,239
43,small,deepseekv4,tiny_shakespeare,30720,0,2,202
43,small,deepseekv4,tiny_shakespeare,30720,0,3,317
43,small,deepseekv4,tiny_shakespeare,30720,1,0,252
43,small,deepseekv4,tiny_shakespeare,30720,1,1,299
43,small,deepseekv4,tiny_shakespeare,30720,1,2,254
43,small,deepseekv4,tiny_shakespeare,30720,1,3,219
43,small,deepseekv4,tiny_shakespeare,35840,0,0,269
43,small,deepseekv4,tiny_shakespeare,35840,0,1,241
43,small,deepseekv4,tiny_shakespeare,35840,0,2,188
43,small,deepseekv4,tiny_shakespeare,35840,0,3,326
43,small,deepseekv4,tiny_shakespeare,35840,1,0,314
43,small,deepseekv4,tiny_shakespeare,35840,1,1,284
43,small,deepseekv4,tiny_shakespeare,35840,1,2,254
43,small,deepseekv4,tiny_shakespeare,35840,1,3,172
43,small,deepseekv4,tiny_shakespeare,40960,0,0,272
43,small,deepseekv4,tiny_shakespeare,40960,0,1,248
43,small,deepseekv4,tiny_shakespeare,40960,0,2,186
43,small,deepseekv4,tiny_shakespeare,40960,0,3,318
43,small,deepseekv4,tiny_shakespeare,40960,1,0,291
43,small,deepseekv4,tiny_shakespeare,40960,1,1,296
43,small,deepseekv4,tiny_shakespeare,40960,1,2,224
43,small,deepseekv4,tiny_shakespeare,40960,1,3,213
43,small,deepseekv4,tiny_shakespeare,46080,0,0,267
43,small,deepseekv4,tiny_shakespeare,46080,0,1,242
43,small,deepseekv4,tiny_shakespeare,46080,0,2,187
43,small,deepseekv4,tiny_shakespeare,46080,0,3,328
43,small,deepseekv4,tiny_shakespeare,46080,1,0,250
43,small,deepseekv4,tiny_shakespeare,46080,1,1,338
43,small,deepseekv4,tiny_shakespeare,46080,1,2,186
43,small,deepseekv4,tiny_shakespeare,46080,1,3,250
43,small,deepseekv4,tiny_shakespeare,51200,0,0,279
43,small,deepseekv4,tiny_shakespeare,51200,0,1,236
43,small,deepseekv4,tiny_shakespeare,51200,0,2,208
43,small,deepseekv4,tiny_shakespeare,51200,0,3,301
43,small,deepseekv4,tiny_shakespeare,51200,1,0,277
43,small,deepseekv4,tiny_shakespeare,51200,1,1,304
43,small,deepseekv4,tiny_shakespeare,51200,1,2,199
43,small,deepseekv4,tiny_shakespeare,51200,1,3,244
43,small,deepseekv4_no_hash,tiny_shakespeare,5120,0,0,261
43,small,deepseekv4_no_hash,tiny_shakespeare,5120,0,1,280
43,small,deepseekv4_no_hash,tiny_shakespeare,5120,0,2,266
43,small,deepseekv4_no_hash,tiny_shakespeare,5120,0,3,217
43,small,deepseekv4_no_hash,tiny_shakespeare,5120,1,0,370
43,small,deepseekv4_no_hash,tiny_shakespeare,5120,1,1,148
43,small,deepseekv4_no_hash,tiny_shakespeare,5120,1,2,192
43,small,deepseekv4_no_hash,tiny_shakespeare,5120,1,3,314
43,small,deepseekv4_no_hash,tiny_shakespeare,10240,0,0,265
43,small,deepseekv4_no_hash,tiny_shakespeare,10240,0,1,277
43,small,deepseekv4_no_hash,tiny_shakespeare,10240,0,2,265
43,small,deepseekv4_no_hash,tiny_shakespeare,10240,0,3,217
43,small,deepseekv4_no_hash,tiny_shakespeare,10240,1,0,384
43,small,deepseekv4_no_hash,tiny_shakespeare,10240,1,1,146
43,small,deepseekv4_no_hash,tiny_shakespeare,10240,1,2,231
43,small,deepseekv4_no_hash,tiny_shakespeare,10240,1,3,263
43,small,deepseekv4_no_hash,tiny_shakespeare,15360,0,0,274
43,small,deepseekv4_no_hash,tiny_shakespeare,15360,0,1,256
43,small,deepseekv4_no_hash,tiny_shakespeare,15360,0,2,281
43,small,deepseekv4_no_hash,tiny_shakespeare,15360,0,3,213
43,small,deepseekv4_no_hash,tiny_shakespeare,15360,1,0,352
43,small,deepseekv4_no_hash,tiny_shakespeare,15360,1,1,183
43,small,deepseekv4_no_hash,tiny_shakespeare,15360,1,2,312
43,small,deepseekv4_no_hash,tiny_shakespeare,15360,1,3,177
43,small,deepseekv4_no_hash,tiny_shakespeare,20480,0,0,263
43,small,deepseekv4_no_hash,tiny_shakespeare,20480,0,1,271
43,small,deepseekv4_no_hash,tiny_shakespeare,20480,0,2,287
43,small,deepseekv4_no_hash,tiny_shakespeare,20480,0,3,203
43,small,deepseekv4_no_hash,tiny_shakespeare,20480,1,0,294
43,small,deepseekv4_no_hash,tiny_shakespeare,20480,1,1,212
43,small,deepseekv4_no_hash,tiny_shakespeare,20480,1,2,317
43,small,deepseekv4_no_hash,tiny_shakespeare,20480,1,3,201
43,small,deepseekv4_no_hash,tiny_shakespeare,25600,0,0,243
43,small,deepseekv4_no_hash,tiny_shakespeare,25600,0,1,264
43,small,deepseekv4_no_hash,tiny_shakespeare,25600,0,2,299
43,small,deepseekv4_no_hash,tiny_shakespeare,25600,0,3,218
43,small,deepseekv4_no_hash,tiny_shakespeare,25600,1,0,275
43,small,deepseekv4_no_hash,tiny_shakespeare,25600,1,1,292
43,small,deepseekv4_no_hash,tiny_shakespeare,25600,1,2,251
43,small,deepseekv4_no_hash,tiny_shakespeare,25600,1,3,206
43,small,deepseekv4_no_hash,tiny_shakespeare,30720,0,0,227
43,small,deepseekv4_no_hash,tiny_shakespeare,30720,0,1,222
43,small,deepseekv4_no_hash,tiny_shakespeare,30720,0,2,292
43,small,deepseekv4_no_hash,tiny_shakespeare,30720,0,3,283
43,small,deepseekv4_no_hash,tiny_shakespeare,30720,1,0,273
43,small,deepseekv4_no_hash,tiny_shakespeare,30720,1,1,242
43,small,deepseekv4_no_hash,tiny_shakespeare,30720,1,2,239
43,small,deepseekv4_no_hash,tiny_shakespeare,30720,1,3,270
43,small,deepseekv4_no_hash,tiny_shakespeare,35840,0,0,259
43,small,deepseekv4_no_hash,tiny_shakespeare,35840,0,1,190
43,small,deepseekv4_no_hash,tiny_shakespeare,35840,0,2,295
43,small,deepseekv4_no_hash,tiny_shakespeare,35840,0,3,280
43,small,deepseekv4_no_hash,tiny_shakespeare,35840,1,0,281
43,small,deepseekv4_no_hash,tiny_shakespeare,35840,1,1,308
43,small,deepseekv4_no_hash,tiny_shakespeare,35840,1,2,221
43,small,deepseekv4_no_hash,tiny_shakespeare,35840,1,3,214
43,small,deepseekv4_no_hash,tiny_shakespeare,40960,0,0,247
43,small,deepseekv4_no_hash,tiny_shakespeare,40960,0,1,242
43,small,deepseekv4_no_hash,tiny_shakespeare,40960,0,2,303
43,small,deepseekv4_no_hash,tiny_shakespeare,40960,0,3,232
43,small,deepseekv4_no_hash,tiny_shakespeare,40960,1,0,261
43,small,deepseekv4_no_hash,tiny_shakespeare,40960,1,1,279
43,small,deepseekv4_no_hash,tiny_shakespeare,40960,1,2,245
43,small,deepseekv4_no_hash,tiny_shakespeare,40960,1,3,239
43,small,deepseekv4_no_hash,tiny_shakespeare,46080,0,0,233
43,small,deepseekv4_no_hash,tiny_shakespeare,46080,0,1,216
43,small,deepseekv4_no_hash,tiny_shakespeare,46080,0,2,273
43,small,deepseekv4_no_hash,tiny_shakespeare,46080,0,3,302
43,small,deepseekv4_no_hash,tiny_shakespeare,46080,1,0,260
43,small,deepseekv4_no_hash,tiny_shakespeare,46080,1,1,281
43,small,deepseekv4_no_hash,tiny_shakespeare,46080,1,2,260
43,small,deepseekv4_no_hash,tiny_shakespeare,46080,1,3,223
43,small,deepseekv4_no_hash,tiny_shakespeare,51200,0,0,234
43,small,deepseekv4_no_hash,tiny_shakespeare,51200,0,1,229
43,small,deepseekv4_no_hash,tiny_shakespeare,51200,0,2,280
43,small,deepseekv4_no_hash,tiny_shakespeare,51200,0,3,281
43,small,deepseekv4_no_hash,tiny_shakespeare,51200,1,0,261
43,small,deepseekv4_no_hash,tiny_shakespeare,51200,1,1,291
43,small,deepseekv4_no_hash,tiny_shakespeare,51200,1,2,179
43,small,deepseekv4_no_hash,tiny_shakespeare,51200,1,3,293
43,small,deepseekv4_no_shared,tiny_shakespeare,5120,0,0,248
43,small,deepseekv4_no_shared,tiny_shakespeare,5120,0,1,254
43,small,deepseekv4_no_shared,tiny_shakespeare,5120,0,2,217
43,small,deepseekv4_no_shared,tiny_shakespeare,5120,0,3,305
43,small,deepseekv4_no_shared,tiny_shakespeare,5120,1,0,227
43,small,deepseekv4_no_shared,tiny_shakespeare,5120,1,1,220
43,small,deepseekv4_no_shared,tiny_shakespeare,5120,1,2,407
43,small,deepseekv4_no_shared,tiny_shakespeare,5120,1,3,170
43,small,deepseekv4_no_shared,tiny_shakespeare,10240,0,0,268
43,small,deepseekv4_no_shared,tiny_shakespeare,10240,0,1,247
43,small,deepseekv4_no_shared,tiny_shakespeare,10240,0,2,202
43,small,deepseekv4_no_shared,tiny_shakespeare,10240,0,3,307
43,small,deepseekv4_no_shared,tiny_shakespeare,10240,1,0,205
43,small,deepseekv4_no_shared,tiny_shakespeare,10240,1,1,230
43,small,deepseekv4_no_shared,tiny_shakespeare,10240,1,2,418
43,small,deepseekv4_no_shared,tiny_shakespeare,10240,1,3,171
43,small,deepseekv4_no_shared,tiny_shakespeare,15360,0,0,257
43,small,deepseekv4_no_shared,tiny_shakespeare,15360,0,1,248
43,small,deepseekv4_no_shared,tiny_shakespeare,15360,0,2,195
43,small,deepseekv4_no_shared,tiny_shakespeare,15360,0,3,324
43,small,deepseekv4_no_shared,tiny_shakespeare,15360,1,0,209
43,small,deepseekv4_no_shared,tiny_shakespeare,15360,1,1,187
43,small,deepseekv4_no_shared,tiny_shakespeare,15360,1,2,378
43,small,deepseekv4_no_shared,tiny_shakespeare,15360,1,3,250
43,small,deepseekv4_no_shared,tiny_shakespeare,20480,0,0,247
43,small,deepseekv4_no_shared,tiny_shakespeare,20480,0,1,263
43,small,deepseekv4_no_shared,tiny_shakespeare,20480,0,2,194
43,small,deepseekv4_no_shared,tiny_shakespeare,20480,0,3,320
43,small,deepseekv4_no_shared,tiny_shakespeare,20480,1,0,275
43,small,deepseekv4_no_shared,tiny_shakespeare,20480,1,1,173
43,small,deepseekv4_no_shared,tiny_shakespeare,20480,1,2,362
43,small,deepseekv4_no_shared,tiny_shakespeare,20480,1,3,214
43,small,deepseekv4_no_shared,tiny_shakespeare,25600,0,0,253
43,small,deepseekv4_no_shared,tiny_shakespeare,25600,0,1,262
43,small,deepseekv4_no_shared,tiny_shakespeare,25600,0,2,199
43,small,deepseekv4_no_shared,tiny_shakespeare,25600,0,3,310
43,small,deepseekv4_no_shared,tiny_shakespeare,25600,1,0,299
43,small,deepseekv4_no_shared,tiny_shakespeare,25600,1,1,174
43,small,deepseekv4_no_shared,tiny_shakespeare,25600,1,2,327
43,small,deepseekv4_no_shared,tiny_shakespeare,25600,1,3,224
43,small,deepseekv4_no_shared,tiny_shakespeare,30720,0,0,266
43,small,deepseekv4_no_shared,tiny_shakespeare,30720,0,1,239
43,small,deepseekv4_no_shared,tiny_shakespeare,30720,0,2,202
43,small,deepseekv4_no_shared,tiny_shakespeare,30720,0,3,317
43,small,deepseekv4_no_shared,tiny_shakespeare,30720,1,0,332
43,small,deepseekv4_no_shared,tiny_shakespeare,30720,1,1,232
43,small,deepseekv4_no_shared,tiny_shakespeare,30720,1,2,242
43,small,deepseekv4_no_shared,tiny_shakespeare,30720,1,3,218
43,small,deepseekv4_no_shared,tiny_shakespeare,35840,0,0,269
43,small,deepseekv4_no_shared,tiny_shakespeare,35840,0,1,241
43,small,deepseekv4_no_shared,tiny_shakespeare,35840,0,2,188
43,small,deepseekv4_no_shared,tiny_shakespeare,35840,0,3,326
43,small,deepseekv4_no_shared,tiny_shakespeare,35840,1,0,272
43,small,deepseekv4_no_shared,tiny_shakespeare,35840,1,1,267
43,small,deepseekv4_no_shared,tiny_shakespeare,35840,1,2,262
43,small,deepseekv4_no_shared,tiny_shakespeare,35840,1,3,223
43,small,deepseekv4_no_shared,tiny_shakespeare,40960,0,0,272
43,small,deepseekv4_no_shared,tiny_shakespeare,40960,0,1,248
43,small,deepseekv4_no_shared,tiny_shakespeare,40960,0,2,186
43,small,deepseekv4_no_shared,tiny_shakespeare,40960,0,3,318
43,small,deepseekv4_no_shared,tiny_shakespeare,40960,1,0,312
43,small,deepseekv4_no_shared,tiny_shakespeare,40960,1,1,235
43,small,deepseekv4_no_shared,tiny_shakespeare,40960,1,2,247
43,small,deepseekv4_no_shared,tiny_shakespeare,40960,1,3,230
43,small,deepseekv4_no_shared,tiny_shakespeare,46080,0,0,267
43,small,deepseekv4_no_shared,tiny_shakespeare,46080,0,1,242
43,small,deepseekv4_no_shared,tiny_shakespeare,46080,0,2,187
43,small,deepseekv4_no_shared,tiny_shakespeare,46080,0,3,328
43,small,deepseekv4_no_shared,tiny_shakespeare,46080,1,0,249
43,small,deepseekv4_no_shared,tiny_shakespeare,46080,1,1,190
43,small,deepseekv4_no_shared,tiny_shakespeare,46080,1,2,313
43,small,deepseekv4_no_shared,tiny_shakespeare,46080,1,3,272
43,small,deepseekv4_no_shared,tiny_shakespeare,51200,0,0,279
43,small,deepseekv4_no_shared,tiny_shakespeare,51200,0,1,236
43,small,deepseekv4_no_shared,tiny_shakespeare,51200,0,2,208
43,small,deepseekv4_no_shared,tiny_shakespeare,51200,0,3,301
43,small,deepseekv4_no_shared,tiny_shakespeare,51200,1,0,259
43,small,deepseekv4_no_shared,tiny_shakespeare,51200,1,1,321
43,small,deepseekv4_no_shared,tiny_shakespeare,51200,1,2,244
43,small,deepseekv4_no_shared,tiny_shakespeare,51200,1,3,200
44,small,deepseekv4,tiny_shakespeare,5120,0,0,235
44,small,deepseekv4,tiny_shakespeare,5120,0,1,271
44,small,deepseekv4,tiny_shakespeare,5120,0,2,198
44,small,deepseekv4,tiny_shakespeare,5120,0,3,320
44,small,deepseekv4,tiny_shakespeare,5120,1,0,418
44,small,deepseekv4,tiny_shakespeare,5120,1,1,132
44,small,deepseekv4,tiny_shakespeare,5120,1,2,309
44,small,deepseekv4,tiny_shakespeare,5120,1,3,165
44,small,deepseekv4,tiny_shakespeare,10240,0,0,261
44,small,deepseekv4,tiny_shakespeare,10240,0,1,247
44,small,deepseekv4,tiny_shakespeare,10240,0,2,211
44,small,deepseekv4,tiny_shakespeare,10240,0,3,305
44,small,deepseekv4,tiny_shakespeare,10240,1,0,315
44,small,deepseekv4,tiny_shakespeare,10240,1,1,139
44,small,deepseekv4,tiny_shakespeare,10240,1,2,355
44,small,deepseekv4,tiny_shakespeare,10240,1,3,215
44,small,deepseekv4,tiny_shakespeare,15360,0,0,257
44,small,deepseekv4,tiny_shakespeare,15360,0,1,264
44,small,deepseekv4,tiny_shakespeare,15360,0,2,194
44,small,deepseekv4,tiny_shakespeare,15360,0,3,309
44,small,deepseekv4,tiny_shakespeare,15360,1,0,287
44,small,deepseekv4,tiny_shakespeare,15360,1,1,177
44,small,deepseekv4,tiny_shakespeare,15360,1,2,334
44,small,deepseekv4,tiny_shakespeare,15360,1,3,226
44,small,deepseekv4,tiny_shakespeare,20480,0,0,269
44,small,deepseekv4,tiny_shakespeare,20480,0,1,257
44,small,deepseekv4,tiny_shakespeare,20480,0,2,206
44,small,deepseekv4,tiny_shakespeare,20480,0,3,292
44,small,deepseekv4,tiny_shakespeare,20480,1,0,187
44,small,deepseekv4,tiny_shakespeare,20480,1,1,230
44,small,deepseekv4,tiny_shakespeare,20480,1,2,344
44,small,deepseekv4,tiny_shakespeare,20480,1,3,263
44,small,deepseekv4,tiny_shakespeare,25600,0,0,256
44,small,deepseekv4,tiny_shakespeare,25600,0,1,258
44,small,deepseekv4,tiny_shakespeare,25600,0,2,204
44,small,deepseekv4,tiny_shakespeare,25600,0,3,306
44,small,deepseekv4,tiny_shakespeare,25600,1,0,197
44,small,deepseekv4,tiny_shakespeare,25600,1,1,266
44,small,deepseekv4,tiny_shakespeare,25600,1,2,301
44,small,deepseekv4,tiny_shakespeare,25600,1,3,260
44,small,deepseekv4,tiny_shakespeare,30720,0,0,253
44,small,deepseekv4,tiny_shakespeare,30720,0,1,256
44,small,deepseekv4,tiny_shakespeare,30720,0,2,188
44,small,deepseekv4,tiny_shakespeare,30720,0,3,327
44,small,deepseekv4,tiny_shakespeare,30720,1,0,254
44,small,deepseekv4,tiny_shakespeare,30720,1,1,204
44,small,deepseekv4,tiny_shakespeare,30720,1,2,287
44,small,deepseekv4,tiny_shakespeare,30720,1,3,279
44,small,deepseekv4,tiny_shakespeare,35840,0,0,253
44,small,deepseekv4,tiny_shakespeare,35840,0,1,272
44,small,deepseekv4,tiny_shakespeare,35840,0,2,198
44,small,deepseekv4,tiny_shakespeare,35840,0,3,301
44,small,deepseekv4,tiny_shakespeare,35840,1,0,150
44,small,deepseekv4,tiny_shakespeare,35840,1,1,284
44,small,deepseekv4,tiny_shakespeare,35840,1,2,284
44,small,deepseekv4,tiny_shakespeare,35840,1,3,306
44,small,deepseekv4,tiny_shakespeare,40960,0,0,267
44,small,deepseekv4,tiny_shakespeare,40960,0,1,235
44,small,deepseekv4,tiny_shakespeare,40960,0,2,210
44,small,deepseekv4,tiny_shakespeare,40960,0,3,312
44,small,deepseekv4,tiny_shakespeare,40960,1,0,292
44,small,deepseekv4,tiny_shakespeare,40960,1,1,201
44,small,deepseekv4,tiny_shakespeare,40960,1,2,291
44,small,deepseekv4,tiny_shakespeare,40960,1,3,240
44,small,deepseekv4,tiny_shakespeare,46080,0,0,252
44,small,deepseekv4,tiny_shakespeare,46080,0,1,264
44,small,deepseekv4,tiny_shakespeare,46080,0,2,201
44,small,deepseekv4,tiny_shakespeare,46080,0,3,307
44,small,deepseekv4,tiny_shakespeare,46080,1,0,272
44,small,deepseekv4,tiny_shakespeare,46080,1,1,212
44,small,deepseekv4,tiny_shakespeare,46080,1,2,286
44,small,deepseekv4,tiny_shakespeare,46080,1,3,254
44,small,deepseekv4,tiny_shakespeare,51200,0,0,246
44,small,deepseekv4,tiny_shakespeare,51200,0,1,247
44,small,deepseekv4,tiny_shakespeare,51200,0,2,205
44,small,deepseekv4,tiny_shakespeare,51200,0,3,326
44,small,deepseekv4,tiny_shakespeare,51200,1,0,246
44,small,deepseekv4,tiny_shakespeare,51200,1,1,293
44,small,deepseekv4,tiny_shakespeare,51200,1,2,265
44,small,deepseekv4,tiny_shakespeare,51200,1,3,220
44,small,deepseekv4_no_hash,tiny_shakespeare,5120,0,0,189
44,small,deepseekv4_no_hash,tiny_shakespeare,5120,0,1,248
44,small,deepseekv4_no_hash,tiny_shakespeare,5120,0,2,376
44,small,deepseekv4_no_hash,tiny_shakespeare,5120,0,3,211
44,small,deepseekv4_no_hash,tiny_shakespeare,5120,1,0,316
44,small,deepseekv4_no_hash,tiny_shakespeare,5120,1,1,275
44,small,deepseekv4_no_hash,tiny_shakespeare,5120,1,2,290
44,small,deepseekv4_no_hash,tiny_shakespeare,5120,1,3,143
44,small,deepseekv4_no_hash,tiny_shakespeare,10240,0,0,169
44,small,deepseekv4_no_hash,tiny_shakespeare,10240,0,1,250
44,small,deepseekv4_no_hash,tiny_shakespeare,10240,0,2,410
44,small,deepseekv4_no_hash,tiny_shakespeare,10240,0,3,195
44,small,deepseekv4_no_hash,tiny_shakespeare,10240,1,0,269
44,small,deepseekv4_no_hash,tiny_shakespeare,10240,1,1,239
44,small,deepseekv4_no_hash,tiny_shakespeare,10240,1,2,357
44,small,deepseekv4_no_hash,tiny_shakespeare,10240,1,3,159
44,small,deepseekv4_no_hash,tiny_shakespeare,15360,0,0,168
44,small,deepseekv4_no_hash,tiny_shakespeare,15360,0,1,249
44,small,deepseekv4_no_hash,tiny_shakespeare,15360,0,2,392
44,small,deepseekv4_no_hash,tiny_shakespeare,15360,0,3,215
44,small,deepseekv4_no_hash,tiny_shakespeare,15360,1,0,261
44,small,deepseekv4_no_hash,tiny_shakespeare,15360,1,1,290
44,small,deepseekv4_no_hash,tiny_shakespeare,15360,1,2,298
44,small,deepseekv4_no_hash,tiny_shakespeare,15360,1,3,175
44,small,deepseekv4_no_hash,tiny_shakespeare,20480,0,0,173
44,small,deepseekv4_no_hash,tiny_shakespeare,20480,0,1,261
44,small,deepseekv4_no_hash,tiny_shakespeare,20480,0,2,396
44,small,deepseekv4_no_hash,tiny_shakespeare,20480,0,3,194
44,small,deepseekv4_no_hash,tiny_shakespeare,20480,1,0,206
44,small,deepseekv4_no_hash,tiny_shakespeare,20480,1,1,275
44,small,deepseekv4_no_hash,tiny_shakespeare,20480,1,2,339
44,small,deepseekv4_no_hash,tiny_shakespeare,20480,1,3,204
44,small,deepseekv4_no_hash,tiny_shakespeare,25600,0,0,214
44,small,deepseekv4_no_hash,tiny_shakespeare,25600,0,1,258
44,small,deepseekv4_no_hash,tiny_shakespeare,25600,0,2,356
44,small,deepseekv4_no_hash,tiny_shakespeare,25600,0,3,196
44,small,deepseekv4_no_hash,tiny_shakespeare,25600,1,0,228
44,small,deepseekv4_no_hash,tiny_shakespeare,25600,1,1,288
44,small,deepseekv4_no_hash,tiny_shakespeare,25600,1,2,282
44,small,deepseekv4_no_hash,tiny_shakespeare,25600,1,3,226
44,small,deepseekv4_no_hash,tiny_shakespeare,30720,0,0,284
44,small,deepseekv4_no_hash,tiny_shakespeare,30720,0,1,183
44,small,deepseekv4_no_hash,tiny_shakespeare,30720,0,2,297
44,small,deepseekv4_no_hash,tiny_shakespeare,30720,0,3,260
44,small,deepseekv4_no_hash,tiny_shakespeare,30720,1,0,245
44,small,deepseekv4_no_hash,tiny_shakespeare,30720,1,1,222
44,small,deepseekv4_no_hash,tiny_shakespeare,30720,1,2,268
44,small,deepseekv4_no_hash,tiny_shakespeare,30720,1,3,289
44,small,deepseekv4_no_hash,tiny_shakespeare,35840,0,0,222
44,small,deepseekv4_no_hash,tiny_shakespeare,35840,0,1,275
44,small,deepseekv4_no_hash,tiny_shakespeare,35840,0,2,259
44,small,deepseekv4_no_hash,tiny_shakespeare,35840,0,3,268
44,small,deepseekv4_no_hash,tiny_shakespeare,35840,1,0,185
44,small,deepseekv4_no_hash,tiny_shakespeare,35840,1,1,284
44,small,deepseekv4_no_hash,tiny_shakespeare,35840,1,2,269
44,small,deepseekv4_no_hash,tiny_shakespeare,35840,1,3,286
44,small,deepseekv4_no_hash,tiny_shakespeare,40960,0,0,294
44,small,deepseekv4_no_hash,tiny_shakespeare,40960,0,1,216
44,small,deepseekv4_no_hash,tiny_shakespeare,40960,0,2,246
44,small,deepseekv4_no_hash,tiny_shakespeare,40960,0,3,268
44,small,deepseekv4_no_hash,tiny_shakespeare,40960,1,0,253
44,small,deepseekv4_no_hash,tiny_shakespeare,40960,1,1,223
44,small,deepseekv4_no_hash,tiny_shakespeare,40960,1,2,275
44,small,deepseekv4_no_hash,tiny_shakespeare,40960,1,3,273
44,small,deepseekv4_no_hash,tiny_shakespeare,46080,0,0,250
44,small,deepseekv4_no_hash,tiny_shakespeare,46080,0,1,262
44,small,deepseekv4_no_hash,tiny_shakespeare,46080,0,2,233
44,small,deepseekv4_no_hash,tiny_shakespeare,46080,0,3,279
44,small,deepseekv4_no_hash,tiny_shakespeare,46080,1,0,236
44,small,deepseekv4_no_hash,tiny_shakespeare,46080,1,1,224
44,small,deepseekv4_no_hash,tiny_shakespeare,46080,1,2,276
44,small,deepseekv4_no_hash,tiny_shakespeare,46080,1,3,288
44,small,deepseekv4_no_hash,tiny_shakespeare,51200,0,0,259
44,small,deepseekv4_no_hash,tiny_shakespeare,51200,0,1,271
44,small,deepseekv4_no_hash,tiny_shakespeare,51200,0,2,249
44,small,deepseekv4_no_hash,tiny_shakespeare,51200,0,3,245
44,small,deepseekv4_no_hash,tiny_shakespeare,51200,1,0,253
44,small,deepseekv4_no_hash,tiny_shakespeare,51200,1,1,229
44,small,deepseekv4_no_hash,tiny_shakespeare,51200,1,2,257
44,small,deepseekv4_no_hash,tiny_shakespeare,51200,1,3,285
44,small,deepseekv4_no_shared,tiny_shakespeare,5120,0,0,235
44,small,deepseekv4_no_shared,tiny_shakespeare,5120,0,1,271
44,small,deepseekv4_no_shared,tiny_shakespeare,5120,0,2,198
44,small,deepseekv4_no_shared,tiny_shakespeare,5120,0,3,320
44,small,deepseekv4_no_shared,tiny_shakespeare,5120,1,0,254
44,small,deepseekv4_no_shared,tiny_shakespeare,5120,1,1,360
44,small,deepseekv4_no_shared,tiny_shakespeare,5120,1,2,191
44,small,deepseekv4_no_shared,tiny_shakespeare,5120,1,3,219
44,small,deepseekv4_no_shared,tiny_shakespeare,10240,0,0,261
44,small,deepseekv4_no_shared,tiny_shakespeare,10240,0,1,247
44,small,deepseekv4_no_shared,tiny_shakespeare,10240,0,2,211
44,small,deepseekv4_no_shared,tiny_shakespeare,10240,0,3,305
44,small,deepseekv4_no_shared,tiny_shakespeare,10240,1,0,224
44,small,deepseekv4_no_shared,tiny_shakespeare,10240,1,1,268
44,small,deepseekv4_no_shared,tiny_shakespeare,10240,1,2,201
44,small,deepseekv4_no_shared,tiny_shakespeare,10240,1,3,331
44,small,deepseekv4_no_shared,tiny_shakespeare,15360,0,0,257
44,small,deepseekv4_no_shared,tiny_shakespeare,15360,0,1,264
44,small,deepseekv4_no_shared,tiny_shakespeare,15360,0,2,194
44,small,deepseekv4_no_shared,tiny_shakespeare,15360,0,3,309
44,small,deepseekv4_no_shared,tiny_shakespeare,15360,1,0,126
44,small,deepseekv4_no_shared,tiny_shakespeare,15360,1,1,388
44,small,deepseekv4_no_shared,tiny_shakespeare,15360,1,2,171
44,small,deepseekv4_no_shared,tiny_shakespeare,15360,1,3,339
44,small,deepseekv4_no_shared,tiny_shakespeare,20480,0,0,269
44,small,deepseekv4_no_shared,tiny_shakespeare,20480,0,1,257
44,small,deepseekv4_no_shared,tiny_shakespeare,20480,0,2,206
44,small,deepseekv4_no_shared,tiny_shakespeare,20480,0,3,292
44,small,deepseekv4_no_shared,tiny_shakespeare,20480,1,0,143
44,small,deepseekv4_no_shared,tiny_shakespeare,20480,1,1,377
44,small,deepseekv4_no_shared,tiny_shakespeare,20480,1,2,195
44,small,deepseekv4_no_shared,tiny_shakespeare,20480,1,3,309
44,small,deepseekv4_no_shared,tiny_shakespeare,25600,0,0,256
44,small,deepseekv4_no_shared,tiny_shakespeare,25600,0,1,258
44,small,deepseekv4_no_shared,tiny_shakespeare,25600,0,2,204
44,small,deepseekv4_no_shared,tiny_shakespeare,25600,0,3,306
44,small,deepseekv4_no_shared,tiny_shakespeare,25600,1,0,191
44,small,deepseekv4_no_shared,tiny_shakespeare,25600,1,1,398
44,small,deepseekv4_no_shared,tiny_shakespeare,25600,1,2,208
44,small,deepseekv4_no_shared,tiny_shakespeare,25600,1,3,227
44,small,deepseekv4_no_shared,tiny_shakespeare,30720,0,0,253
44,small,deepseekv4_no_shared,tiny_shakespeare,30720,0,1,256
44,small,deepseekv4_no_shared,tiny_shakespeare,30720,0,2,188
44,small,deepseekv4_no_shared,tiny_shakespeare,30720,0,3,327
44,small,deepseekv4_no_shared,tiny_shakespeare,30720,1,0,271
44,small,deepseekv4_no_shared,tiny_shakespeare,30720,1,1,299
44,small,deepseekv4_no_shared,tiny_shakespeare,30720,1,2,227
44,small,deepseekv4_no_shared,tiny_shakespeare,30720,1,3,227
44,small,deepseekv4_no_shared,tiny_shakespeare,35840,0,0,253
44,small,deepseekv4_no_shared,tiny_shakespeare,35840,0,1,272
44,small,deepseekv4_no_shared,tiny_shakespeare,35840,0,2,198
44,small,deepseekv4_no_shared,tiny_shakespeare,35840,0,3,301
44,small,deepseekv4_no_shared,tiny_shakespeare,35840,1,0,234
44,small,deepseekv4_no_shared,tiny_shakespeare,35840,1,1,199
44,small,deepseekv4_no_shared,tiny_shakespeare,35840,1,2,366
44,small,deepseekv4_no_shared,tiny_shakespeare,35840,1,3,225
44,small,deepseekv4_no_shared,tiny_shakespeare,40960,0,0,267
44,small,deepseekv4_no_shared,tiny_shakespeare,40960,0,1,235
44,small,deepseekv4_no_shared,tiny_shakespeare,40960,0,2,210
44,small,deepseekv4_no_shared,tiny_shakespeare,40960,0,3,312
44,small,deepseekv4_no_shared,tiny_shakespeare,40960,1,0,179
44,small,deepseekv4_no_shared,tiny_shakespeare,40960,1,1,268
44,small,deepseekv4_no_shared,tiny_shakespeare,40960,1,2,334
44,small,deepseekv4_no_shared,tiny_shakespeare,40960,1,3,243
44,small,deepseekv4_no_shared,tiny_shakespeare,46080,0,0,252
44,small,deepseekv4_no_shared,tiny_shakespeare,46080,0,1,264
44,small,deepseekv4_no_shared,tiny_shakespeare,46080,0,2,201
44,small,deepseekv4_no_shared,tiny_shakespeare,46080,0,3,307
44,small,deepseekv4_no_shared,tiny_shakespeare,46080,1,0,255
44,small,deepseekv4_no_shared,tiny_shakespeare,46080,1,1,206
44,small,deepseekv4_no_shared,tiny_shakespeare,46080,1,2,355
44,small,deepseekv4_no_shared,tiny_shakespeare,46080,1,3,208
44,small,deepseekv4_no_shared,tiny_shakespeare,51200,0,0,246
44,small,deepseekv4_no_shared,tiny_shakespeare,51200,0,1,247
44,small,deepseekv4_no_shared,tiny_shakespeare,51200,0,2,205
44,small,deepseekv4_no_shared,tiny_shakespeare,51200,0,3,326
44,small,deepseekv4_no_shared,tiny_shakespeare,51200,1,0,263
44,small,deepseekv4_no_shared,tiny_shakespeare,51200,1,1,255
44,small,deepseekv4_no_shared,tiny_shakespeare,51200,1,2,286
44,small,deepseekv4_no_shared,tiny_shakespeare,51200,1,3,220
42,small,deepseekv4,wikitext2,5120,0,0,268
42,small,deepseekv4,wikitext2,5120,0,1,256
42,small,deepseekv4,wikitext2,5120,0,2,199
42,small,deepseekv4,wikitext2,5120,0,3,301
42,small,deepseekv4,wikitext2,5120,1,0,198
42,small,deepseekv4,wikitext2,5120,1,1,263
42,small,deepseekv4,wikitext2,5120,1,2,300
42,small,deepseekv4,wikitext2,5120,1,3,263
42,small,deepseekv4,wikitext2,10240,0,0,283
42,small,deepseekv4,wikitext2,10240,0,1,256
42,small,deepseekv4,wikitext2,10240,0,2,196
42,small,deepseekv4,wikitext2,10240,0,3,289
42,small,deepseekv4,wikitext2,10240,1,0,216
42,small,deepseekv4,wikitext2,10240,1,1,252
42,small,deepseekv4,wikitext2,10240,1,2,256
42,small,deepseekv4,wikitext2,10240,1,3,300
42,small,deepseekv4,wikitext2,15360,0,0,266
42,small,deepseekv4,wikitext2,15360,0,1,258
42,small,deepseekv4,wikitext2,15360,0,2,204
42,small,deepseekv4,wikitext2,15360,0,3,296
42,small,deepseekv4,wikitext2,15360,1,0,168
42,small,deepseekv4,wikitext2,15360,1,1,245
42,small,deepseekv4,wikitext2,15360,1,2,257
42,small,deepseekv4,wikitext2,15360,1,3,354
42,small,deepseekv4,wikitext2,20480,0,0,280
42,small,deepseekv4,wikitext2,20480,0,1,250
42,small,deepseekv4,wikitext2,20480,0,2,214
42,small,deepseekv4,wikitext2,20480,0,3,280
42,small,deepseekv4,wikitext2,20480,1,0,236
42,small,deepseekv4,wikitext2,20480,1,1,253
42,small,deepseekv4,wikitext2,20480,1,2,218
42,small,deepseekv4,wikitext2,20480,1,3,317
42,small,deepseekv4,wikitext2,25600,0,0,252
42,small,deepseekv4,wikitext2,25600,0,1,254
42,small,deepseekv4,wikitext2,25600,0,2,217
42,small,deepseekv4,wikitext2,25600,0,3,301
42,small,deepseekv4,wikitext2,25600,1,0,194
42,small,deepseekv4,wikitext2,25600,1,1,267
42,small,deepseekv4,wikitext2,25600,1,2,267
42,small,deepseekv4,wikitext2,25600,1,3,296
42,small,deepseekv4,wikitext2,30720,0,0,276
42,small,deepseekv4,wikitext2,30720,0,1,240
42,small,deepseekv4,wikitext2,30720,0,2,216
42,small,deepseekv4,wikitext2,30720,0,3,292
42,small,deepseekv4,wikitext2,30720,1,0,282
42,small,deepseekv4,wikitext2,30720,1,1,292
42,small,deepseekv4,wikitext2,30720,1,2,197
42,small,deepseekv4,wikitext2,30720,1,3,253
42,small,deepseekv4,wikitext2,35840,0,0,282
42,small,deepseekv4,wikitext2,35840,0,1,244
42,small,deepseekv4,wikitext2,35840,0,2,207
42,small,deepseekv4,wikitext2,35840,0,3,291
42,small,deepseekv4,wikitext2,35840,1,0,214
42,small,deepseekv4,wikitext2,35840,1,1,285
42,small,deepseekv4,wikitext2,35840,1,2,277
42,small,deepseekv4,wikitext2,35840,1,3,248
42,small,deepseekv4,wikitext2,40960,0,0,277
42,small,deepseekv4,wikitext2,40960,0,1,253
42,small,deepseekv4,wikitext2,40960,0,2,203
42,small,deepseekv4,wikitext2,40960,0,3,291
42,small,deepseekv4,wikitext2,40960,1,0,322
42,small,deepseekv4,wikitext2,40960,1,1,269
42,small,deepseekv4,wikitext2,40960,1,2,181
42,small,deepseekv4,wikitext2,40960,1,3,252
42,small,deepseekv4,wikitext2,46080,0,0,282
42,small,deepseekv4,wikitext2,46080,0,1,254
42,small,deepseekv4,wikitext2,46080,0,2,181
42,small,deepseekv4,wikitext2,46080,0,3,307
42,small,deepseekv4,wikitext2,46080,1,0,266
42,small,deepseekv4,wikitext2,46080,1,1,264
42,small,deepseekv4,wikitext2,46080,1,2,230
42,small,deepseekv4,wikitext2,46080,1,3,264
42,small,deepseekv4,wikitext2,51200,0,0,300
42,small,deepseekv4,wikitext2,51200,0,1,226
42,small,deepseekv4,wikitext2,51200,0,2,211
42,small,deepseekv4,wikitext2,51200,0,3,287
42,small,deepseekv4,wikitext2,51200,1,0,278
42,small,deepseekv4,wikitext2,51200,1,1,237
42,small,deepseekv4,wikitext2,51200,1,2,250
42,small,deepseekv4,wikitext2,51200,1,3,259
42,small,deepseekv4_no_hash,wikitext2,5120,0,0,176
42,small,deepseekv4_no_hash,wikitext2,5120,0,1,153
42,small,deepseekv4_no_hash,wikitext2,5120,0,2,320
42,small,deepseekv4_no_hash,wikitext2,5120,0,3,375
42,small,deepseekv4_no_hash,wikitext2,5120,1,0,198
42,small,deepseekv4_no_hash,wikitext2,5120,1,1,261
42,small,deepseekv4_no_hash,wikitext2,5120,1,2,307
42,small,deepseekv4_no_hash,wikitext2,5120,1,3,258
42,small,deepseekv4_no_hash,wikitext2,10240,0,0,157
42,small,deepseekv4_no_hash,wikitext2,10240,0,1,167
42,small,deepseekv4_no_hash,wikitext2,10240,0,2,328
42,small,deepseekv4_no_hash,wikitext2,10240,0,3,372
42,small,deepseekv4_no_hash,wikitext2,10240,1,0,201
42,small,deepseekv4_no_hash,wikitext2,10240,1,1,262
42,small,deepseekv4_no_hash,wikitext2,10240,1,2,275
42,small,deepseekv4_no_hash,wikitext2,10240,1,3,286
42,small,deepseekv4_no_hash,wikitext2,15360,0,0,180
42,small,deepseekv4_no_hash,wikitext2,15360,0,1,154
42,small,deepseekv4_no_hash,wikitext2,15360,0,2,315
42,small,deepseekv4_no_hash,wikitext2,15360,0,3,375
42,small,deepseekv4_no_hash,wikitext2,15360,1,0,201
42,small,deepseekv4_no_hash,wikitext2,15360,1,1,252
42,small,deepseekv4_no_hash,wikitext2,15360,1,2,263
42,small,deepseekv4_no_hash,wikitext2,15360,1,3,308
42,small,deepseekv4_no_hash,wikitext2,20480,0,0,177
42,small,deepseekv4_no_hash,wikitext2,20480,0,1,172
42,small,deepseekv4_no_hash,wikitext2,20480,0,2,319
42,small,deepseekv4_no_hash,wikitext2,20480,0,3,356
42,small,deepseekv4_no_hash,wikitext2,20480,1,0,223
42,small,deepseekv4_no_hash,wikitext2,20480,1,1,263
42,small,deepseekv4_no_hash,wikitext2,20480,1,2,242
42,small,deepseekv4_no_hash,wikitext2,20480,1,3,296
42,small,deepseekv4_no_hash,wikitext2,25600,0,0,178
42,small,deepseekv4_no_hash,wikitext2,25600,0,1,276
42,small,deepseekv4_no_hash,wikitext2,25600,0,2,219
42,small,deepseekv4_no_hash,wikitext2,25600,0,3,351
42,small,deepseekv4_no_hash,wikitext2,25600,1,0,322
42,small,deepseekv4_no_hash,wikitext2,25600,1,1,259
42,small,deepseekv4_no_hash,wikitext2,25600,1,2,168
42,small,deepseekv4_no_hash,wikitext2,25600,1,3,275
42,small,deepseekv4_no_hash,wikitext2,30720,0,0,205
42,small,deepseekv4_no_hash,wikitext2,30720,0,1,264
42,small,deepseekv4_no_hash,wikitext2,30720,0,2,247
42,small,deepseekv4_no_hash,wikitext2,30720,0,3,308
42,small,deepseekv4_no_hash,wikitext2,30720,1,0,228
42,small,deepseekv4_no_hash,wikitext2,30720,1,1,285
42,small,deepseekv4_no_hash,wikitext2,30720,1,2,259
42,small,deepseekv4_no_hash,wikitext2,30720,1,3,252
42,small,deepseekv4_no_hash,wikitext2,35840,0,0,222
42,small,deepseekv4_no_hash,wikitext2,35840,0,1,270
42,small,deepseekv4_no_hash,wikitext2,35840,0,2,246
42,small,deepseekv4_no_hash,wikitext2,35840,0,3,286
42,small,deepseekv4_no_hash,wikitext2,35840,1,0,250
42,small,deepseekv4_no_hash,wikitext2,35840,1,1,280
42,small,deepseekv4_no_hash,wikitext2,35840,1,2,251
42,small,deepseekv4_no_hash,wikitext2,35840,1,3,243
42,small,deepseekv4_no_hash,wikitext2,40960,0,0,263
42,small,deepseekv4_no_hash,wikitext2,40960,0,1,260
42,small,deepseekv4_no_hash,wikitext2,40960,0,2,232
42,small,deepseekv4_no_hash,wikitext2,40960,0,3,269
42,small,deepseekv4_no_hash,wikitext2,40960,1,0,256
42,small,deepseekv4_no_hash,wikitext2,40960,1,1,274
42,small,deepseekv4_no_hash,wikitext2,40960,1,2,248
42,small,deepseekv4_no_hash,wikitext2,40960,1,3,246
42,small,deepseekv4_no_hash,wikitext2,46080,0,0,250
42,small,deepseekv4_no_hash,wikitext2,46080,0,1,269
42,small,deepseekv4_no_hash,wikitext2,46080,0,2,220
42,small,deepseekv4_no_hash,wikitext2,46080,0,3,285
42,small,deepseekv4_no_hash,wikitext2,46080,1,0,220
42,small,deepseekv4_no_hash,wikitext2,46080,1,1,265
42,small,deepseekv4_no_hash,wikitext2,46080,1,2,279
42,small,deepseekv4_no_hash,wikitext2,46080,1,3,260
42,small,deepseekv4_no_hash,wikitext2,51200,0,0,233
42,small,deepseekv4_no_hash,wikitext2,51200,0,1,263
42,small,deepseekv4_no_hash,wikitext2,51200,0,2,253
42,small,deepseekv4_no_hash,wikitext2,51200,0,3,275
42,small,deepseekv4_no_hash,wikitext2,51200,1,0,207
42,small,deepseekv4_no_hash,wikitext2,51200,1,1,288
42,small,deepseekv4_no_hash,wikitext2,51200,1,2,253
42,small,deepseekv4_no_hash,wikitext2,51200,1,3,276
42,small,deepseekv4_no_shared,wikitext2,5120,0,0,268
42,small,deepseekv4_no_shared,wikitext2,5120,0,1,256
42,small,deepseekv4_no_shared,wikitext2,5120,0,2,199
42,small,deepseekv4_no_shared,wikitext2,5120,0,3,301
42,small,deepseekv4_no_shared,wikitext2,5120,1,0,230
42,small,deepseekv4_no_shared,wikitext2,5120,1,1,193
42,small,deepseekv4_no_shared,wikitext2,5120,1,2,362
42,small,deepseekv4_no_shared,wikitext2,5120,1,3,239
42,small,deepseekv4_no_shared,wikitext2,10240,0,0,283
42,small,deepseekv4_no_shared,wikitext2,10240,0,1,256
42,small,deepseekv4_no_shared,wikitext2,10240,0,2,196
42,small,deepseekv4_no_shared,wikitext2,10240,0,3,289
42,small,deepseekv4_no_shared,wikitext2,10240,1,0,115
42,small,deepseekv4_no_shared,wikitext2,10240,1,1,273
42,small,deepseekv4_no_shared,wikitext2,10240,1,2,403
42,small,deepseekv4_no_shared,wikitext2,10240,1,3,233
42,small,deepseekv4_no_shared,wikitext2,15360,0,0,266
42,small,deepseekv4_no_shared,wikitext2,15360,0,1,258
42,small,deepseekv4_no_shared,wikitext2,15360,0,2,204
42,small,deepseekv4_no_shared,wikitext2,15360,0,3,296
42,small,deepseekv4_no_shared,wikitext2,15360,1,0,199
42,small,deepseekv4_no_shared,wikitext2,15360,1,1,208
42,small,deepseekv4_no_shared,wikitext2,15360,1,2,419
42,small,deepseekv4_no_shared,wikitext2,15360,1,3,198
42,small,deepseekv4_no_shared,wikitext2,20480,0,0,280
42,small,deepseekv4_no_shared,wikitext2,20480,0,1,250
42,small,deepseekv4_no_shared,wikitext2,20480,0,2,214
42,small,deepseekv4_no_shared,wikitext2,20480,0,3,280
42,small,deepseekv4_no_shared,wikitext2,20480,1,0,198
42,small,deepseekv4_no_shared,wikitext2,20480,1,1,193
42,small,deepseekv4_no_shared,wikitext2,20480,1,2,419
42,small,deepseekv4_no_shared,wikitext2,20480,1,3,214
42,small,deepseekv4_no_shared,wikitext2,25600,0,0,252
42,small,deepseekv4_no_shared,wikitext2,25600,0,1,254
42,small,deepseekv4_no_shared,wikitext2,25600,0,2,217
42,small,deepseekv4_no_shared,wikitext2,25600,0,3,301
42,small,deepseekv4_no_shared,wikitext2,25600,1,0,242
42,small,deepseekv4_no_shared,wikitext2,25600,1,1,209
42,small,deepseekv4_no_shared,wikitext2,25600,1,2,345
42,small,deepseekv4_no_shared,wikitext2,25600,1,3,228
42,small,deepseekv4_no_shared,wikitext2,30720,0,0,276
42,small,deepseekv4_no_shared,wikitext2,30720,0,1,240
42,small,deepseekv4_no_shared,wikitext2,30720,0,2,216
42,small,deepseekv4_no_shared,wikitext2,30720,0,3,292
42,small,deepseekv4_no_shared,wikitext2,30720,1,0,263
42,small,deepseekv4_no_shared,wikitext2,30720,1,1,288
42,small,deepseekv4_no_shared,wikitext2,30720,1,2,283
42,small,deepseekv4_no_shared,wikitext2,30720,1,3,190
42,small,deepseekv4_no_shared,wikitext2,35840,0,0,282
42,small,deepseekv4_no_shared,wikitext2,35840,0,1,244
42,small,deepseekv4_no_shared,wikitext2,35840,0,2,207
42,small,deepseekv4_no_shared,wikitext2,35840,0,3,291
42,small,deepseekv4_no_shared,wikitext2,35840,1,0,347
42,small,deepseekv4_no_shared,wikitext2,35840,1,1,294
42,small,deepseekv4_no_shared,wikitext2,35840,1,2,170
42,small,deepseekv4_no_shared,wikitext2,35840,1,3,213
42,small,deepseekv4_no_shared,wikitext2,40960,0,0,277
42,small,deepseekv4_no_shared,wikitext2,40960,0,1,253
42,small,deepseekv4_no_shared,wikitext2,40960,0,2,203
42,small,deepseekv4_no_shared,wikitext2,40960,0,3,291
42,small,deepseekv4_no_shared,wikitext2,40960,1,0,277
42,small,deepseekv4_no_shared,wikitext2,40960,1,1,294
42,small,deepseekv4_no_shared,wikitext2,40960,1,2,233
42,small,deepseekv4_no_shared,wikitext2,40960,1,3,220
42,small,deepseekv4_no_shared,wikitext2,46080,0,0,282
42,small,deepseekv4_no_shared,wikitext2,46080,0,1,254
42,small,deepseekv4_no_shared,wikitext2,46080,0,2,181
42,small,deepseekv4_no_shared,wikitext2,46080,0,3,307
42,small,deepseekv4_no_shared,wikitext2,46080,1,0,280
42,small,deepseekv4_no_shared,wikitext2,46080,1,1,283
42,small,deepseekv4_no_shared,wikitext2,46080,1,2,200
42,small,deepseekv4_no_shared,wikitext2,46080,1,3,261
42,small,deepseekv4_no_shared,wikitext2,51200,0,0,300
42,small,deepseekv4_no_shared,wikitext2,51200,0,1,226
42,small,deepseekv4_no_shared,wikitext2,51200,0,2,211
42,small,deepseekv4_no_shared,wikitext2,51200,0,3,287
42,small,deepseekv4_no_shared,wikitext2,51200,1,0,279
42,small,deepseekv4_no_shared,wikitext2,51200,1,1,243
42,small,deepseekv4_no_shared,wikitext2,51200,1,2,203
42,small,deepseekv4_no_shared,wikitext2,51200,1,3,299
43,small,deepseekv4,wikitext2,5120,0,0,266
43,small,deepseekv4,wikitext2,5120,0,1,263
43,small,deepseekv4,wikitext2,5120,0,2,211
43,small,deepseekv4,wikitext2,5120,0,3,284
43,small,deepseekv4,wikitext2,5120,1,0,357
43,small,deepseekv4,wikitext2,5120,1,1,149
43,small,deepseekv4,wikitext2,5120,1,2,195
43,small,deepseekv4,wikitext2,5120,1,3,323
43,small,deepseekv4,wikitext2,10240,0,0,276
43,small,deepseekv4,wikitext2,10240,0,1,266
43,small,deepseekv4,wikitext2,10240,0,2,192
43,small,deepseekv4,wikitext2,10240,0,3,290
43,small,deepseekv4,wikitext2,10240,1,0,363
43,small,deepseekv4,wikitext2,10240,1,1,155
43,small,deepseekv4,wikitext2,10240,1,2,190
43,small,deepseekv4,wikitext2,10240,1,3,316
43,small,deepseekv4,wikitext2,15360,0,0,276
43,small,deepseekv4,wikitext2,15360,0,1,251
43,small,deepseekv4,wikitext2,15360,0,2,201
43,small,deepseekv4,wikitext2,15360,0,3,296
43,small,deepseekv4,wikitext2,15360,1,0,352
43,small,deepseekv4,wikitext2,15360,1,1,186
43,small,deepseekv4,wikitext2,15360,1,2,171
43,small,deepseekv4,wikitext2,15360,1,3,315
43,small,deepseekv4,wikitext2,20480,0,0,267
43,small,deepseekv4,wikitext2,20480,0,1,267
43,small,deepseekv4,wikitext2,20480,0,2,193
43,small,deepseekv4,wikitext2,20480,0,3,297
43,small,deepseekv4,wikitext2,20480,1,0,373
43,small,deepseekv4,wikitext2,20480,1,1,194
43,small,deepseekv4,wikitext2,20480,1,2,227
43,small,deepseekv4,wikitext2,20480,1,3,230
43,small,deepseekv4,wikitext2,25600,0,0,278
43,small,deepseekv4,wikitext2,25600,0,1,269
43,small,deepseekv4,wikitext2,25600,0,2,188
43,small,deepseekv4,wikitext2,25600,0,3,289
43,small,deepseekv4,wikitext2,25600,1,0,376
43,small,deepseekv4,wikitext2,25600,1,1,212
43,small,deepseekv4,wikitext2,25600,1,2,267
43,small,deepseekv4,wikitext2,25600,1,3,169
43,small,deepseekv4,wikitext2,30720,0,0,278
43,small,deepseekv4,wikitext2,30720,0,1,261
43,small,deepseekv4,wikitext2,30720,0,2,193
43,small,deepseekv4,wikitext2,30720,0,3,292
43,small,deepseekv4,wikitext2,30720,1,0,333
43,small,deepseekv4,wikitext2,30720,1,1,304
43,small,deepseekv4,wikitext2,30720,1,2,175
43,small,deepseekv4,wikitext2,30720,1,3,212
43,small,deepseekv4,wikitext2,35840,0,0,264
43,small,deepseekv4,wikitext2,35840,0,1,243
43,small,deepseekv4,wikitext2,35840,0,2,209
43,small,deepseekv4,wikitext2,35840,0,3,308
43,small,deepseekv4,wikitext2,35840,1,0,314
43,small,deepseekv4,wikitext2,35840,1,1,290
43,small,deepseekv4,wikitext2,35840,1,2,212
43,small,deepseekv4,wikitext2,35840,1,3,208
43,small,deepseekv4,wikitext2,40960,0,0,277
43,small,deepseekv4,wikitext2,40960,0,1,244
43,small,deepseekv4,wikitext2,40960,0,2,215
43,small,deepseekv4,wikitext2,40960,0,3,288
43,small,deepseekv4,wikitext2,40960,1,0,186
43,small,deepseekv4,wikitext2,40960,1,1,333
43,small,deepseekv4,wikitext2,40960,1,2,240
43,small,deepseekv4,wikitext2,40960,1,3,265
43,small,deepseekv4,wikitext2,46080,0,0,290
43,small,deepseekv4,wikitext2,46080,0,1,250
43,small,deepseekv4,wikitext2,46080,0,2,199
43,small,deepseekv4,wikitext2,46080,0,3,285
43,small,deepseekv4,wikitext2,46080,1,0,312
43,small,deepseekv4,wikitext2,46080,1,1,228
43,small,deepseekv4,wikitext2,46080,1,2,191
43,small,deepseekv4,wikitext2,46080,1,3,293
43,small,deepseekv4,wikitext2,51200,0,0,271
43,small,deepseekv4,wikitext2,51200,0,1,256
43,small,deepseekv4,wikitext2,51200,0,2,210
43,small,deepseekv4,wikitext2,51200,0,3,287
43,small,deepseekv4,wikitext2,51200,1,0,197
43,small,deepseekv4,wikitext2,51200,1,1,276
43,small,deepseekv4,wikitext2,51200,1,2,275
43,small,deepseekv4,wikitext2,51200,1,3,276
43,small,deepseekv4_no_hash,wikitext2,5120,0,0,249
43,small,deepseekv4_no_hash,wikitext2,5120,0,1,296
43,small,deepseekv4_no_hash,wikitext2,5120,0,2,265
43,small,deepseekv4_no_hash,wikitext2,5120,0,3,214
43,small,deepseekv4_no_hash,wikitext2,5120,1,0,393
43,small,deepseekv4_no_hash,wikitext2,5120,1,1,149
43,small,deepseekv4_no_hash,wikitext2,5120,1,2,174
43,small,deepseekv4_no_hash,wikitext2,5120,1,3,308
43,small,deepseekv4_no_hash,wikitext2,10240,0,0,251
43,small,deepseekv4_no_hash,wikitext2,10240,0,1,291
43,small,deepseekv4_no_hash,wikitext2,10240,0,2,263
43,small,deepseekv4_no_hash,wikitext2,10240,0,3,219
43,small,deepseekv4_no_hash,wikitext2,10240,1,0,408
43,small,deepseekv4_no_hash,wikitext2,10240,1,1,170
43,small,deepseekv4_no_hash,wikitext2,10240,1,2,273
43,small,deepseekv4_no_hash,wikitext2,10240,1,3,173
43,small,deepseekv4_no_hash,wikitext2,15360,0,0,266
43,small,deepseekv4_no_hash,wikitext2,15360,0,1,272
43,small,deepseekv4_no_hash,wikitext2,15360,0,2,266
43,small,deepseekv4_no_hash,wikitext2,15360,0,3,220
43,small,deepseekv4_no_hash,wikitext2,15360,1,0,406
43,small,deepseekv4_no_hash,wikitext2,15360,1,1,204
43,small,deepseekv4_no_hash,wikitext2,15360,1,2,217
43,small,deepseekv4_no_hash,wikitext2,15360,1,3,197
43,small,deepseekv4_no_hash,wikitext2,20480,0,0,253
43,small,deepseekv4_no_hash,wikitext2,20480,0,1,288
43,small,deepseekv4_no_hash,wikitext2,20480,0,2,254
43,small,deepseekv4_no_hash,wikitext2,20480,0,3,229
43,small,deepseekv4_no_hash,wikitext2,20480,1,0,412
43,small,deepseekv4_no_hash,wikitext2,20480,1,1,188
43,small,deepseekv4_no_hash,wikitext2,20480,1,2,219
43,small,deepseekv4_no_hash,wikitext2,20480,1,3,205
43,small,deepseekv4_no_hash,wikitext2,25600,0,0,252
43,small,deepseekv4_no_hash,wikitext2,25600,0,1,281
43,small,deepseekv4_no_hash,wikitext2,25600,0,2,245
43,small,deepseekv4_no_hash,wikitext2,25600,0,3,246
43,small,deepseekv4_no_hash,wikitext2,25600,1,0,380
43,small,deepseekv4_no_hash,wikitext2,25600,1,1,212
43,small,deepseekv4_no_hash,wikitext2,25600,1,2,254
43,small,deepseekv4_no_hash,wikitext2,25600,1,3,178
43,small,deepseekv4_no_hash,wikitext2,30720,0,0,290
43,small,deepseekv4_no_hash,wikitext2,30720,0,1,255
43,small,deepseekv4_no_hash,wikitext2,30720,0,2,265
43,small,deepseekv4_no_hash,wikitext2,30720,0,3,214
43,small,deepseekv4_no_hash,wikitext2,30720,1,0,327
43,small,deepseekv4_no_hash,wikitext2,30720,1,1,230
43,small,deepseekv4_no_hash,wikitext2,30720,1,2,235
43,small,deepseekv4_no_hash,wikitext2,30720,1,3,232
43,small,deepseekv4_no_hash,wikitext2,35840,0,0,311
43,small,deepseekv4_no_hash,wikitext2,35840,0,1,176
43,small,deepseekv4_no_hash,wikitext2,35840,0,2,302
43,small,deepseekv4_no_hash,wikitext2,35840,0,3,235
43,small,deepseekv4_no_hash,wikitext2,35840,1,0,242
43,small,deepseekv4_no_hash,wikitext2,35840,1,1,234
43,small,deepseekv4_no_hash,wikitext2,35840,1,2,276
43,small,deepseekv4_no_hash,wikitext2,35840,1,3,272
43,small,deepseekv4_no_hash,wikitext2,40960,0,0,214
43,small,deepseekv4_no_hash,wikitext2,40960,0,1,255
43,small,deepseekv4_no_hash,wikitext2,40960,0,2,310
43,small,deepseekv4_no_hash,wikitext2,40960,0,3,245
43,small,deepseekv4_no_hash,wikitext2,40960,1,0,283
43,small,deepseekv4_no_hash,wikitext2,40960,1,1,238
43,small,deepseekv4_no_hash,wikitext2,40960,1,2,245
43,small,deepseekv4_no_hash,wikitext2,40960,1,3,258
43,small,deepseekv4_no_hash,wikitext2,46080,0,0,250
43,small,deepseekv4_no_hash,wikitext2,46080,0,1,287
43,small,deepseekv4_no_hash,wikitext2,46080,0,2,256
43,small,deepseekv4_no_hash,wikitext2,46080,0,3,231
43,small,deepseekv4_no_hash,wikitext2,46080,1,0,268
43,small,deepseekv4_no_hash,wikitext2,46080,1,1,378
43,small,deepseekv4_no_hash,wikitext2,46080,1,2,256
43,small,deepseekv4_no_hash,wikitext2,46080,1,3,122
43,small,deepseekv4_no_hash,wikitext2,51200,0,0,252
43,small,deepseekv4_no_hash,wikitext2,51200,0,1,278
43,small,deepseekv4_no_hash,wikitext2,51200,0,2,252
43,small,deepseekv4_no_hash,wikitext2,51200,0,3,242
43,small,deepseekv4_no_hash,wikitext2,51200,1,0,222
43,small,deepseekv4_no_hash,wikitext2,51200,1,1,284
43,small,deepseekv4_no_hash,wikitext2,51200,1,2,286
43,small,deepseekv4_no_hash,wikitext2,51200,1,3,232
43,small,deepseekv4_no_shared,wikitext2,5120,0,0,266
43,small,deepseekv4_no_shared,wikitext2,5120,0,1,263
43,small,deepseekv4_no_shared,wikitext2,5120,0,2,211
43,small,deepseekv4_no_shared,wikitext2,5120,0,3,284
43,small,deepseekv4_no_shared,wikitext2,5120,1,0,235
43,small,deepseekv4_no_shared,wikitext2,5120,1,1,190
43,small,deepseekv4_no_shared,wikitext2,5120,1,2,414
43,small,deepseekv4_no_shared,wikitext2,5120,1,3,185
43,small,deepseekv4_no_shared,wikitext2,10240,0,0,276
43,small,deepseekv4_no_shared,wikitext2,10240,0,1,266
43,small,deepseekv4_no_shared,wikitext2,10240,0,2,192
43,small,deepseekv4_no_shared,wikitext2,10240,0,3,290
43,small,deepseekv4_no_shared,wikitext2,10240,1,0,219
43,small,deepseekv4_no_shared,wikitext2,10240,1,1,188
43,small,deepseekv4_no_shared,wikitext2,10240,1,2,441
43,small,deepseekv4_no_shared,wikitext2,10240,1,3,176
43,small,deepseekv4_no_shared,wikitext2,15360,0,0,276
43,small,deepseekv4_no_shared,wikitext2,15360,0,1,251
43,small,deepseekv4_no_shared,wikitext2,15360,0,2,201
43,small,deepseekv4_no_shared,wikitext2,15360,0,3,296
43,small,deepseekv4_no_shared,wikitext2,15360,1,0,205
43,small,deepseekv4_no_shared,wikitext2,15360,1,1,169
43,small,deepseekv4_no_shared,wikitext2,15360,1,2,442
43,small,deepseekv4_no_shared,wikitext2,15360,1,3,208
43,small,deepseekv4_no_shared,wikitext2,20480,0,0,267
43,small,deepseekv4_no_shared,wikitext2,20480,0,1,267
43,small,deepseekv4_no_shared,wikitext2,20480,0,2,193
43,small,deepseekv4_no_shared,wikitext2,20480,0,3,297
43,small,deepseekv4_no_shared,wikitext2,20480,1,0,231
43,small,deepseekv4_no_shared,wikitext2,20480,1,1,114
43,small,deepseekv4_no_shared,wikitext2,20480,1,2,423
43,small,deepseekv4_no_shared,wikitext2,20480,1,3,256
43,small,deepseekv4_no_shared,wikitext2,25600,0,0,278
43,small,deepseekv4_no_shared,wikitext2,25600,0,1,269
43,small,deepseekv4_no_shared,wikitext2,25600,0,2,188
43,small,deepseekv4_no_shared,wikitext2,25600,0,3,289
43,small,deepseekv4_no_shared,wikitext2,25600,1,0,278
43,small,deepseekv4_no_shared,wikitext2,25600,1,1,165
43,small,deepseekv4_no_shared,wikitext2,25600,1,2,279
43,small,deepseekv4_no_shared,wikitext2,25600,1,3,302
43,small,deepseekv4_no_shared,wikitext2,30720,0,0,278
43,small,deepseekv4_no_shared,wikitext2,30720,0,1,261
43,small,deepseekv4_no_shared,wikitext2,30720,0,2,193
43,small,deepseekv4_no_shared,wikitext2,30720,0,3,292
43,small,deepseekv4_no_shared,wikitext2,30720,1,0,395
43,small,deepseekv4_no_shared,wikitext2,30720,1,1,48
43,small,deepseekv4_no_shared,wikitext2,30720,1,2,241
43,small,deepseekv4_no_shared,wikitext2,30720,1,3,340
43,small,deepseekv4_no_shared,wikitext2,35840,0,0,264
43,small,deepseekv4_no_shared,wikitext2,35840,0,1,243
43,small,deepseekv4_no_shared,wikitext2,35840,0,2,209
43,small,deepseekv4_no_shared,wikitext2,35840,0,3,308
43,small,deepseekv4_no_shared,wikitext2,35840,1,0,314
43,small,deepseekv4_no_shared,wikitext2,35840,1,1,226
43,small,deepseekv4_no_shared,wikitext2,35840,1,2,267
43,small,deepseekv4_no_shared,wikitext2,35840,1,3,217
43,small,deepseekv4_no_shared,wikitext2,40960,0,0,277
43,small,deepseekv4_no_shared,wikitext2,40960,0,1,244
43,small,deepseekv4_no_shared,wikitext2,40960,0,2,215
43,small,deepseekv4_no_shared,wikitext2,40960,0,3,288
43,small,deepseekv4_no_shared,wikitext2,40960,1,0,260
43,small,deepseekv4_no_shared,wikitext2,40960,1,1,254
43,small,deepseekv4_no_shared,wikitext2,40960,1,2,232
43,small,deepseekv4_no_shared,wikitext2,40960,1,3,278
43,small,deepseekv4_no_shared,wikitext2,46080,0,0,290
43,small,deepseekv4_no_shared,wikitext2,46080,0,1,250
43,small,deepseekv4_no_shared,wikitext2,46080,0,2,199
43,small,deepseekv4_no_shared,wikitext2,46080,0,3,285
43,small,deepseekv4_no_shared,wikitext2,46080,1,0,253
43,small,deepseekv4_no_shared,wikitext2,46080,1,1,208
43,small,deepseekv4_no_shared,wikitext2,46080,1,2,295
43,small,deepseekv4_no_shared,wikitext2,46080,1,3,268
43,small,deepseekv4_no_shared,wikitext2,51200,0,0,271
43,small,deepseekv4_no_shared,wikitext2,51200,0,1,256
43,small,deepseekv4_no_shared,wikitext2,51200,0,2,210
43,small,deepseekv4_no_shared,wikitext2,51200,0,3,287
43,small,deepseekv4_no_shared,wikitext2,51200,1,0,291
43,small,deepseekv4_no_shared,wikitext2,51200,1,1,295
43,small,deepseekv4_no_shared,wikitext2,51200,1,2,265
43,small,deepseekv4_no_shared,wikitext2,51200,1,3,173
44,small,deepseekv4,wikitext2,5120,0,0,278
44,small,deepseekv4,wikitext2,5120,0,1,257
44,small,deepseekv4,wikitext2,5120,0,2,200
44,small,deepseekv4,wikitext2,5120,0,3,289
44,small,deepseekv4,wikitext2,5120,1,0,328
44,small,deepseekv4,wikitext2,5120,1,1,210
44,small,deepseekv4,wikitext2,5120,1,2,322
44,small,deepseekv4,wikitext2,5120,1,3,164
44,small,deepseekv4,wikitext2,10240,0,0,285
44,small,deepseekv4,wikitext2,10240,0,1,257
44,small,deepseekv4,wikitext2,10240,0,2,195
44,small,deepseekv4,wikitext2,10240,0,3,287
44,small,deepseekv4,wikitext2,10240,1,0,301
44,small,deepseekv4,wikitext2,10240,1,1,205
44,small,deepseekv4,wikitext2,10240,1,2,355
44,small,deepseekv4,wikitext2,10240,1,3,163
44,small,deepseekv4,wikitext2,15360,0,0,267
44,small,deepseekv4,wikitext2,15360,0,1,255
44,small,deepseekv4,wikitext2,15360,0,2,207
44,small,deepseekv4,wikitext2,15360,0,3,295
44,small,deepseekv4,wikitext2,15360,1,0,305
44,small,deepseekv4,wikitext2,15360,1,1,206
44,small,deepseekv4,wikitext2,15360,1,2,325
44,small,deepseekv4,wikitext2,15360,1,3,188
44,small,deepseekv4,wikitext2,20480,0,0,277
44,small,deepseekv4,wikitext2,20480,0,1,255
44,small,deepseekv4,wikitext2,20480,0,2,199
44,small,deepseekv4,wikitext2,20480,0,3,293
44,small,deepseekv4,wikitext2,20480,1,0,239
44,small,deepseekv4,wikitext2,20480,1,1,223
44,small,deepseekv4,wikitext2,20480,1,2,350
44,small,deepseekv4,wikitext2,20480,1,3,212
44,small,deepseekv4,wikitext2,25600,0,0,269
44,small,deepseekv4,wikitext2,25600,0,1,254
44,small,deepseekv4,wikitext2,25600,0,2,208
44,small,deepseekv4,wikitext2,25600,0,3,293
44,small,deepseekv4,wikitext2,25600,1,0,176
44,small,deepseekv4,wikitext2,25600,1,1,287
44,small,deepseekv4,wikitext2,25600,1,2,282
44,small,deepseekv4,wikitext2,25600,1,3,279
44,small,deepseekv4,wikitext2,30720,0,0,297
44,small,deepseekv4,wikitext2,30720,0,1,244
44,small,deepseekv4,wikitext2,30720,0,2,205
44,small,deepseekv4,wikitext2,30720,0,3,278
44,small,deepseekv4,wikitext2,30720,1,0,286
44,small,deepseekv4,wikitext2,30720,1,1,343
44,small,deepseekv4,wikitext2,30720,1,2,155
44,small,deepseekv4,wikitext2,30720,1,3,240
44,small,deepseekv4,wikitext2,35840,0,0,285
44,small,deepseekv4,wikitext2,35840,0,1,240
44,small,deepseekv4,wikitext2,35840,0,2,207
44,small,deepseekv4,wikitext2,35840,0,3,292
44,small,deepseekv4,wikitext2,35840,1,0,277
44,small,deepseekv4,wikitext2,35840,1,1,324
44,small,deepseekv4,wikitext2,35840,1,2,143
44,small,deepseekv4,wikitext2,35840,1,3,280
44,small,deepseekv4,wikitext2,40960,0,0,257
44,small,deepseekv4,wikitext2,40960,0,1,260
44,small,deepseekv4,wikitext2,40960,0,2,206
44,small,deepseekv4,wikitext2,40960,0,3,301
44,small,deepseekv4,wikitext2,40960,1,0,225
44,small,deepseekv4,wikitext2,40960,1,1,239
44,small,deepseekv4,wikitext2,40960,1,2,304
44,small,deepseekv4,wikitext2,40960,1,3,256
44,small,deepseekv4,wikitext2,46080,0,0,261
44,small,deepseekv4,wikitext2,46080,0,1,266
44,small,deepseekv4,wikitext2,46080,0,2,194
44,small,deepseekv4,wikitext2,46080,0,3,303
44,small,deepseekv4,wikitext2,46080,1,0,197
44,small,deepseekv4,wikitext2,46080,1,1,292
44,small,deepseekv4,wikitext2,46080,1,2,225
44,small,deepseekv4,wikitext2,46080,1,3,310
44,small,deepseekv4,wikitext2,51200,0,0,273
44,small,deepseekv4,wikitext2,51200,0,1,252
44,small,deepseekv4,wikitext2,51200,0,2,201
44,small,deepseekv4,wikitext2,51200,0,3,298
44,small,deepseekv4,wikitext2,51200,1,0,364
44,small,deepseekv4,wikitext2,51200,1,1,263
44,small,deepseekv4,wikitext2,51200,1,2,115
44,small,deepseekv4,wikitext2,51200,1,3,282
44,small,deepseekv4_no_hash,wikitext2,5120,0,0,219
44,small,deepseekv4_no_hash,wikitext2,5120,0,1,221
44,small,deepseekv4_no_hash,wikitext2,5120,0,2,391
44,small,deepseekv4_no_hash,wikitext2,5120,0,3,193
44,small,deepseekv4_no_hash,wikitext2,5120,1,0,323
44,small,deepseekv4_no_hash,wikitext2,5120,1,1,237
44,small,deepseekv4_no_hash,wikitext2,5120,1,2,324
44,small,deepseekv4_no_hash,wikitext2,5120,1,3,140
44,small,deepseekv4_no_hash,wikitext2,10240,0,0,159
44,small,deepseekv4_no_hash,wikitext2,10240,0,1,286
44,small,deepseekv4_no_hash,wikitext2,10240,0,2,423
44,small,deepseekv4_no_hash,wikitext2,10240,0,3,156
44,small,deepseekv4_no_hash,wikitext2,10240,1,0,271
44,small,deepseekv4_no_hash,wikitext2,10240,1,1,225
44,small,deepseekv4_no_hash,wikitext2,10240,1,2,359
44,small,deepseekv4_no_hash,wikitext2,10240,1,3,169
44,small,deepseekv4_no_hash,wikitext2,15360,0,0,147
44,small,deepseekv4_no_hash,wikitext2,15360,0,1,268
44,small,deepseekv4_no_hash,wikitext2,15360,0,2,421
44,small,deepseekv4_no_hash,wikitext2,15360,0,3,188
44,small,deepseekv4_no_hash,wikitext2,15360,1,0,241
44,small,deepseekv4_no_hash,wikitext2,15360,1,1,202
44,small,deepseekv4_no_hash,wikitext2,15360,1,2,369
44,small,deepseekv4_no_hash,wikitext2,15360,1,3,212
44,small,deepseekv4_no_hash,wikitext2,20480,0,0,195
44,small,deepseekv4_no_hash,wikitext2,20480,0,1,280
44,small,deepseekv4_no_hash,wikitext2,20480,0,2,372
44,small,deepseekv4_no_hash,wikitext2,20480,0,3,177
44,small,deepseekv4_no_hash,wikitext2,20480,1,0,205
44,small,deepseekv4_no_hash,wikitext2,20480,1,1,248
44,small,deepseekv4_no_hash,wikitext2,20480,1,2,358
44,small,deepseekv4_no_hash,wikitext2,20480,1,3,213
44,small,deepseekv4_no_hash,wikitext2,25600,0,0,247
44,small,deepseekv4_no_hash,wikitext2,25600,0,1,246
44,small,deepseekv4_no_hash,wikitext2,25600,0,2,346
44,small,deepseekv4_no_hash,wikitext2,25600,0,3,185
44,small,deepseekv4_no_hash,wikitext2,25600,1,0,119
44,small,deepseekv4_no_hash,wikitext2,25600,1,1,310
44,small,deepseekv4_no_hash,wikitext2,25600,1,2,308
44,small,deepseekv4_no_hash,wikitext2,25600,1,3,287
44,small,deepseekv4_no_hash,wikitext2,30720,0,0,234
44,small,deepseekv4_no_hash,wikitext2,30720,0,1,253
44,small,deepseekv4_no_hash,wikitext2,30720,0,2,283
44,small,deepseekv4_no_hash,wikitext2,30720,0,3,254
44,small,deepseekv4_no_hash,wikitext2,30720,1,0,144
44,small,deepseekv4_no_hash,wikitext2,30720,1,1,328
44,small,deepseekv4_no_hash,wikitext2,30720,1,2,263
44,small,deepseekv4_no_hash,wikitext2,30720,1,3,289
44,small,deepseekv4_no_hash,wikitext2,35840,0,0,223
44,small,deepseekv4_no_hash,wikitext2,35840,0,1,255
44,small,deepseekv4_no_hash,wikitext2,35840,0,2,296
44,small,deepseekv4_no_hash,wikitext2,35840,0,3,250
44,small,deepseekv4_no_hash,wikitext2,35840,1,0,195
44,small,deepseekv4_no_hash,wikitext2,35840,1,1,349
44,small,deepseekv4_no_hash,wikitext2,35840,1,2,181
44,small,deepseekv4_no_hash,wikitext2,35840,1,3,299
44,small,deepseekv4_no_hash,wikitext2,40960,0,0,249
44,small,deepseekv4_no_hash,wikitext2,40960,0,1,266
44,small,deepseekv4_no_hash,wikitext2,40960,0,2,257
44,small,deepseekv4_no_hash,wikitext2,40960,0,3,252
44,small,deepseekv4_no_hash,wikitext2,40960,1,0,305
44,small,deepseekv4_no_hash,wikitext2,40960,1,1,275
44,small,deepseekv4_no_hash,wikitext2,40960,1,2,112
44,small,deepseekv4_no_hash,wikitext2,40960,1,3,332
44,small,deepseekv4_no_hash,wikitext2,46080,0,0,259
44,small,deepseekv4_no_hash,wikitext2,46080,0,1,269
44,small,deepseekv4_no_hash,wikitext2,46080,0,2,236
44,small,deepseekv4_no_hash,wikitext2,46080,0,3,260
44,small,deepseekv4_no_hash,wikitext2,46080,1,0,169
44,small,deepseekv4_no_hash,wikitext2,46080,1,1,334
44,small,deepseekv4_no_hash,wikitext2,46080,1,2,281
44,small,deepseekv4_no_hash,wikitext2,46080,1,3,240
44,small,deepseekv4_no_hash,wikitext2,51200,0,0,263
44,small,deepseekv4_no_hash,wikitext2,51200,0,1,277
44,small,deepseekv4_no_hash,wikitext2,51200,0,2,231
44,small,deepseekv4_no_hash,wikitext2,51200,0,3,253
44,small,deepseekv4_no_hash,wikitext2,51200,1,0,264
44,small,deepseekv4_no_hash,wikitext2,51200,1,1,252
44,small,deepseekv4_no_hash,wikitext2,51200,1,2,246
44,small,deepseekv4_no_hash,wikitext2,51200,1,3,262
44,small,deepseekv4_no_shared,wikitext2,5120,0,0,278
44,small,deepseekv4_no_shared,wikitext2,5120,0,1,257
44,small,deepseekv4_no_shared,wikitext2,5120,0,2,200
44,small,deepseekv4_no_shared,wikitext2,5120,0,3,289
44,small,deepseekv4_no_shared,wikitext2,5120,1,0,366
44,small,deepseekv4_no_shared,wikitext2,5120,1,1,251
44,small,deepseekv4_no_shared,wikitext2,5120,1,2,166
44,small,deepseekv4_no_shared,wikitext2,5120,1,3,241
44,small,deepseekv4_no_shared,wikitext2,10240,0,0,285
44,small,deepseekv4_no_shared,wikitext2,10240,0,1,257
44,small,deepseekv4_no_shared,wikitext2,10240,0,2,195
44,small,deepseekv4_no_shared,wikitext2,10240,0,3,287
44,small,deepseekv4_no_shared,wikitext2,10240,1,0,177
44,small,deepseekv4_no_shared,wikitext2,10240,1,1,253
44,small,deepseekv4_no_shared,wikitext2,10240,1,2,161
44,small,deepseekv4_no_shared,wikitext2,10240,1,3,433
44,small,deepseekv4_no_shared,wikitext2,15360,0,0,267
44,small,deepseekv4_no_shared,wikitext2,15360,0,1,255
44,small,deepseekv4_no_shared,wikitext2,15360,0,2,207
44,small,deepseekv4_no_shared,wikitext2,15360,0,3,295
44,small,deepseekv4_no_shared,wikitext2,15360,1,0,167
44,small,deepseekv4_no_shared,wikitext2,15360,1,1,295
44,small,deepseekv4_no_shared,wikitext2,15360,1,2,67
44,small,deepseekv4_no_shared,wikitext2,15360,1,3,495
44,small,deepseekv4_no_shared,wikitext2,20480,0,0,277
44,small,deepseekv4_no_shared,wikitext2,20480,0,1,255
44,small,deepseekv4_no_shared,wikitext2,20480,0,2,199
44,small,deepseekv4_no_shared,wikitext2,20480,0,3,293
44,small,deepseekv4_no_shared,wikitext2,20480,1,0,182
44,small,deepseekv4_no_shared,wikitext2,20480,1,1,277
44,small,deepseekv4_no_shared,wikitext2,20480,1,2,80
44,small,deepseekv4_no_shared,wikitext2,20480,1,3,485
44,small,deepseekv4_no_shared,wikitext2,25600,0,0,269
44,small,deepseekv4_no_shared,wikitext2,25600,0,1,254
44,small,deepseekv4_no_shared,wikitext2,25600,0,2,208
44,small,deepseekv4_no_shared,wikitext2,25600,0,3,293
44,small,deepseekv4_no_shared,wikitext2,25600,1,0,272
44,small,deepseekv4_no_shared,wikitext2,25600,1,1,239
44,small,deepseekv4_no_shared,wikitext2,25600,1,2,131
44,small,deepseekv4_no_shared,wikitext2,25600,1,3,382
44,small,deepseekv4_no_shared,wikitext2,30720,0,0,297
44,small,deepseekv4_no_shared,wikitext2,30720,0,1,244
44,small,deepseekv4_no_shared,wikitext2,30720,0,2,205
44,small,deepseekv4_no_shared,wikitext2,30720,0,3,278
44,small,deepseekv4_no_shared,wikitext2,30720,1,0,176
44,small,deepseekv4_no_shared,wikitext2,30720,1,1,288
44,small,deepseekv4_no_shared,wikitext2,30720,1,2,241
44,small,deepseekv4_no_shared,wikitext2,30720,1,3,319
44,small,deepseekv4_no_shared,wikitext2,35840,0,0,285
44,small,deepseekv4_no_shared,wikitext2,35840,0,1,240
44,small,deepseekv4_no_shared,wikitext2,35840,0,2,207
44,small,deepseekv4_no_shared,wikitext2,35840,0,3,292
44,small,deepseekv4_no_shared,wikitext2,35840,1,0,183
44,small,deepseekv4_no_shared,wikitext2,35840,1,1,301
44,small,deepseekv4_no_shared,wikitext2,35840,1,2,299
44,small,deepseekv4_no_shared,wikitext2,35840,1,3,241
44,small,deepseekv4_no_shared,wikitext2,40960,0,0,257
44,small,deepseekv4_no_shared,wikitext2,40960,0,1,260
44,small,deepseekv4_no_shared,wikitext2,40960,0,2,206
44,small,deepseekv4_no_shared,wikitext2,40960,0,3,301
44,small,deepseekv4_no_shared,wikitext2,40960,1,0,191
44,small,deepseekv4_no_shared,wikitext2,40960,1,1,308
44,small,deepseekv4_no_shared,wikitext2,40960,1,2,309
44,small,deepseekv4_no_shared,wikitext2,40960,1,3,216
44,small,deepseekv4_no_shared,wikitext2,46080,0,0,261
44,small,deepseekv4_no_shared,wikitext2,46080,0,1,266
44,small,deepseekv4_no_shared,wikitext2,46080,0,2,194
44,small,deepseekv4_no_shared,wikitext2,46080,0,3,303
44,small,deepseekv4_no_shared,wikitext2,46080,1,0,301
44,small,deepseekv4_no_shared,wikitext2,46080,1,1,277
44,small,deepseekv4_no_shared,wikitext2,46080,1,2,312
44,small,deepseekv4_no_shared,wikitext2,46080,1,3,134
44,small,deepseekv4_no_shared,wikitext2,51200,0,0,273
44,small,deepseekv4_no_shared,wikitext2,51200,0,1,252
44,small,deepseekv4_no_shared,wikitext2,51200,0,2,201
44,small,deepseekv4_no_shared,wikitext2,51200,0,3,298
44,small,deepseekv4_no_shared,wikitext2,51200,1,0,280
44,small,deepseekv4_no_shared,wikitext2,51200,1,1,237
44,small,deepseekv4_no_shared,wikitext2,51200,1,2,305
44,small,deepseekv4_no_shared,wikitext2,51200,1,3,202
